,phrase,label,sentiment,subjectivity,language,count,gnd,geonames,geotype,latitude,longitude,continent,country,ipcc
Istanbul,Istanbul,GPE,0.00394960,0.40329064,en,308.10000000,4088772-8,745044,P,41.01384000,28.94966000,EUROPE-AFRICA,Turkey,MED
Türkiye,Türkiye,GPE,0.09093503,0.48961701,en,219.80000000,4061163-2,298795,A,39.00000000,35.00000000,EUROPE-AFRICA,Turkey,MED
USA,USA,GPE,0.05653596,0.39643404,en,105.20000000,4078704-7,6252001,X,39.75999900,-98.50000000,NORTH-AMERICA,United States,CNA
Antalya,Antalya,GPE,-0.00927338,0.31089269,en,84.30000000,4079795-8,323777,P,36.90812000,30.69556000,EUROPE-AFRICA,Turkey,MED
Japan,Japan,GPE,-0.00709564,0.18746637,en,83.20000000,4028495-5,1861060,A,35.68536000,139.75309000,ASIA,Japan,EAS
Turkey,Turkey,GPE,0.09955670,0.47823515,en,76.00000000,4061163-2,298795,A,39.00000000,35.00000000,EUROPE-AFRICA,Turkey,MED
Ankara,Ankara,GPE,0.04291138,0.37577645,en,75.30000000,4002075-7,323786,P,39.91987000,32.85427000,EUROPE-AFRICA,Turkey,MED
Venezuela,Venezuela,GPE,0.00889046,0.20746737,en,68.50000000,4062512-6,3625428,A,8.00000000,-66.00000000,SOUTH-AMERICA,Venezuela,NSA
Europe,Europe,LOC,0.02885326,0.46521855,en,64.20000000,,0,,,,,,
Marmara,Marmara,GPE,0.05811752,0.47465447,en,62.80000000,4229347-9,10922497,L,40.62794000,27.68408000,EUROPE-AFRICA,Turkey,MED
Mediterranean,Mediterranean,LOC,0.00664996,0.37682051,en,61.20000000,,0,,,,,,
Aegean,Aegean,GPE,0.04953195,0.48718254,en,58.50000000,,10922486,L,38.96622000,28.72059000,EUROPE-AFRICA,Turkey,MED
Iran,Iran,GPE,0.08335584,0.45588464,en,54.20000000,4027653-3,130758,A,32.00000000,53.00000000,ASIA,Iran,WCA
US,US,GPE,0.06216543,0.52475954,en,53.20000000,,0,,,,,,
Eastern Anatolia,Eastern Anatolia,LOC,-0.00030568,0.46140805,en,52.20000000,,10922505,L,39.42657000,41.23464000,ASIA,Turkey,WCA
Adana,Adana,GPE,-0.02254658,0.39570841,en,45.80000000,4079621-8,325363,P,36.98615000,35.32531000,EUROPE-AFRICA,Turkey,MED
France,France,GPE,0.08559228,0.44044479,en,39.00000000,4018145-5,3017382,A,46.00000000,2.00000000,EUROPE,France,WCE
Indonesia,Indonesia,GPE,-0.01020408,0.18221574,en,34.30000000,4026761-1,1643084,A,-5.00000000,120.00000000,ASIA,Indonesia,SEA
Hatay,Hatay,GPE,-0.00106529,0.38926682,en,33.60000000,4085823-6,323779,P,36.20655000,36.15722000,EUROPE-AFRICA,Turkey,MED
Spain,Spain,GPE,-0.02648530,0.37166368,en,31.90000000,4055964-6,2510769,A,40.00000000,-4.00000000,EUROPE-AFRICA,Spain,MED
Gaziantep,Gaziantep,GPE,0.12661706,0.54100694,en,28.00000000,4086680-4,314830,P,37.05944000,37.38250000,EUROPE-AFRICA,Turkey,MED
Israel,Israel,GPE,0.09198094,0.46266093,en,27.20000000,4027808-6,294640,A,31.50000000,34.75000000,EUROPE-AFRICA,Israel,MED
Trabzon,Trabzon,GPE,-0.02205700,0.40216853,en,26.90000000,4106551-7,738648,P,41.00500000,39.72694000,EUROPE-AFRICA,Türkiye,MED
Aydın,Aydın,GPE,-0.00525681,0.29093816,en,26.50000000,4209664-9,322830,P,37.84501000,27.83963000,EUROPE-AFRICA,Turkey,MED
the Black Sea,the Black Sea,LOC,-0.04432170,0.54339700,en,25.60000000,,5762871,S,44.47971000,-103.78076000,NORTH-AMERICA,United States,CNA
Balıkesir,Balıkesir,GPE,0.00829876,0.05774550,en,24.10000000,4299314-3,322165,P,39.64917000,27.88611000,EUROPE-AFRICA,Turkey,MED
Muğla,Muğla,GPE,0.00383570,0.31149527,en,23.50000000,4285769-7,304184,P,37.21807000,28.36650000,EUROPE-AFRICA,Turkey,MED
Black Sea,Black Sea,LOC,0.00657210,0.48203310,en,23.50000000,,10922499,L,41.25206000,36.96073000,EUROPE-AFRICA,Turkey,MED
Southeastern Anatolia,Southeastern Anatolia,LOC,0.04504671,0.48458702,en,22.60000000,,10922506,L,38.10898000,41.32862000,ASIA,Turkey,WCA
Manisa,Manisa,GPE,-0.04928902,0.22704200,en,22.40000000,4036977-8,304827,P,38.61202000,27.42647000,EUROPE-AFRICA,Turkey,MED
Italy,Italy,GPE,-0.03393124,0.54007225,en,22.30000000,4027833-5,3175395,A,42.83333000,12.83333000,EUROPE-AFRICA,Italy,MED
China,China,GPE,-0.00088555,0.25021139,en,22.10000000,4009937-4,1814991,A,35.00000000,105.00000000,ASIA,China,EAS
Greece,Greece,GPE,0.04042208,0.28579846,en,21.00000000,4022047-3,390903,A,39.00000000,22.00000000,EUROPE-AFRICA,Greece,MED
Russia,Russia,GPE,-0.02537129,0.28733498,en,20.20000000,4076899-5,2017370,A,60.00000000,100.00000000,ASIA,Russia,ESB
the Middle East,the Middle East,LOC,0.07185236,0.23849638,en,18.40000000,,12217091,L,35.80000000,-86.50000000,NORTH-AMERICA,United States,ENA
New Zealand,New Zealand,GPE,0.10274621,0.50273798,en,18.40000000,4041915-0,2186224,A,-42.00000000,174.00000000,OCEANIA,New Zealand,NZ
Central Anatolia,Central Anatolia,LOC,0.00145685,0.43317438,en,18.10000000,,10922504,L,39.17175000,33.52346000,EUROPE-AFRICA,Turkey,MED
Philippines,Philippines,GPE,0.04166667,0.03611111,en,18.00000000,4045771-0,1694008,A,13.40882000,122.56155000,ASIA,Philippines,SEA
Eastern Black Sea,Eastern Black Sea,LOC,-0.00379334,0.42853396,en,17.90000000,,732793,L,42.83333000,28.00000000,EUROPE-AFRICA,Bulgaria,MED
Malatya,Malatya,GPE,-0.00192568,0.10081260,en,17.90000000,4114942-7,304922,P,38.35018000,38.31667000,EUROPE-AFRICA,Turkey,MED
Balkans,Balkans,LOC,-0.14610977,0.63165307,en,16.90000000,,0,,,,,,
England,England,GPE,0.07101511,0.47140006,en,16.70000000,4014770-8,11919979,L,44.00000000,-71.00000000,NORTH-AMERICA,United States,ENA
Bodrum,Bodrum,GPE,-0.02965235,0.24043237,en,16.30000000,4087873-9,320995,P,37.03833000,27.42917000,EUROPE-AFRICA,Turkey,MED
Sındırgı,Sındırgı,GPE,0.00000000,0.05521472,en,16.30000000,,8632432,A,39.25061000,28.18647000,EUROPE-AFRICA,Turkey,MED
Çanakkale,Çanakkale,GPE,0.02057292,0.25251736,en,16.00000000,4085132-1,749780,P,40.15552000,26.41271000,EUROPE-AFRICA,Turkey,MED
Southeast,Southeast,LOC,0.09601562,0.48278646,en,16.00000000,,11497301,L,10.75053000,106.75050000,ASIA,Vietnam,SEA
Elazığ,Elazığ,GPE,0.05078463,0.62242965,en,15.40000000,4243383-6,315808,P,38.67431000,39.22321000,EUROPE-AFRICA,Turkey,MED
New York,New York,GPE,0.14904331,0.48051971,en,15.40000000,4042011-5,5128581,P,40.71427000,-74.00597000,NORTH-AMERICA,United States,ENA
Germany,Germany,GPE,-0.07169913,0.38979076,en,15.40000000,4011882-4,2921044,A,51.50000000,10.50000000,EUROPE,Germany,WCE
India,India,GPE,-0.10400457,0.45946799,en,14.80000000,4026722-2,1269750,A,22.00000000,79.00000000,ASIA,India,SAS
Kahramanmaraş,Kahramanmaraş,GPE,-0.06745352,0.50954012,en,14.60000000,4372522-3,310859,P,37.58470000,36.92641000,EUROPE-AFRICA,Turkey,MED
Erzincan,Erzincan,GPE,-0.05488506,0.22567050,en,14.50000000,4488338-9,315373,P,39.73919000,39.49015000,EUROPE-AFRICA,Turkey,MED
Artvin,Artvin,LOC,-0.01839080,0.27787356,en,14.50000000,4383304-4,751817,P,41.18161000,41.82172000,ASIA,Turkey,WCA
Osmaniye,Osmaniye,GPE,-0.14529937,0.42086835,en,13.60000000,4116802-1,303195,P,37.07417000,36.24778000,EUROPE-AFRICA,Turkey,MED
Ardahan,Ardahan,LOC,0.01759259,0.55092593,en,13.50000000,4306827-3,751952,P,41.10871000,42.70222000,ASIA,Turkey,WCA
Kars,Kars,LOC,0.01197139,0.53684701,en,13.40000000,4260372-9,743952,P,40.59825000,43.08548000,ASIA,Turkey,WCA
Earth,Earth,LOC,0.04824561,0.41604010,en,13.30000000,,0,,,,,,
Şanlıurfa,Şanlıurfa,GPE,-0.11254591,0.34286042,en,12.10000000,1129698858,298333,P,37.16708000,38.79392000,EUROPE-AFRICA,Turkey,MED
Kumluca,Kumluca,GPE,0.03688838,0.38016055,en,10.90000000,,305675,P,37.90185000,28.86622000,EUROPE-AFRICA,Turkey,MED
East,East,LOC,0.02457951,0.20462538,en,10.90000000,,12212303,L,37.02332000,-77.36954000,NORTH-AMERICA,United States,ENA
the Eastern Black Sea,the Eastern Black Sea,LOC,-0.05239551,0.47573904,en,10.90000000,,0,,,,,,
Taiwan,Taiwan,GPE,-0.00471698,0.04245283,en,10.60000000,4017875-4,1668284,A,24.00000000,121.00000000,ASIA,Taiwan,EAS
Kaş,Kaş,GPE,-0.03499191,0.34041262,en,10.30000000,,372753,P,15.45099000,36.39998000,AFRICA,Sudan,SAH
Gaza,Gaza,GPE,-0.12916667,0.54000000,en,10.00000000,4092680-1,281133,P,31.50161000,34.46672000,EUROPE-AFRICA,Palestinian Territory,MED
Ukraine,Ukraine,GPE,-0.09680135,0.34932660,en,9.90000000,4061496-7,690791,A,49.00000000,32.00000000,EUROPE,Ukraine,WCE
Marmaris,Marmaris,GPE,-0.03267544,0.23837719,en,9.50000000,4246465-1,304782,P,36.85500000,28.27417000,EUROPE-AFRICA,Turkey,MED
Canada,Canada,GPE,0.16723753,0.36259537,en,9.40000000,4029456-0,6251999,A,60.10867000,-113.64258000,NORTH-AMERICA,Canada,NWN
the Strait of Hormuz,the Strait of Hormuz,LOC,0.10161290,0.45035842,en,9.30000000,,0,,,,,,
Saudi Arabia,Saudi Arabia,GPE,-0.03940217,0.29538043,en,9.20000000,4051788-3,102358,A,25.00000000,45.00000000,ASIA,Saudi Arabia,ARP
Central,Central,LOC,0.05445229,0.44659428,en,9.10000000,,0,,,,,,
Tokat,Tokat,GPE,-0.00366300,0.38186813,en,9.10000000,4273162-8,738743,P,40.31389000,36.55444000,EUROPE-AFRICA,Turkey,MED
Malaysia,Malaysia,GPE,-0.00549451,0.11538462,en,9.10000000,4037203-0,1733045,A,2.50000000,112.50000000,ASIA,Malaysia,SEA
Bolu,Bolu,GPE,0.18827839,0.51410256,en,9.10000000,4196781-1,750516,P,40.73583000,31.60611000,EUROPE-AFRICA,Turkey,MED
Edirne,Edirne,GPE,-0.03745318,0.25655431,en,8.90000000,4013559-7,747712,P,41.67719000,26.55597000,EUROPE-AFRICA,Turkey,MED
the United States,the United States,GPE,0.25047348,0.54135101,en,8.80000000,,0,,,,,,
Sivas,Sivas,GPE,0.01095147,0.44489144,en,8.70000000,4248035-8,300619,P,39.74833000,37.01611000,EUROPE-AFRICA,Turkey,MED
Belgium,Belgium,GPE,-0.06082251,0.41893488,en,8.40000000,4005406-8,2802361,A,50.75000000,4.50000000,EUROPE,Belgium,WCE
Paris,Paris,GPE,0.18692954,0.37544116,en,8.30000000,4044660-8,2988507,P,48.85341000,2.34880000,EUROPE,France,WCE
Karabük,Karabük,GPE,0.04263211,0.40553862,en,8.20000000,4209926-2,744562,P,41.20488000,32.62768000,EUROPE-AFRICA,Turkey,MED
the Eastern Mediterranean,the Eastern Mediterranean,LOC,0.09993225,0.48543360,en,8.20000000,,3113382,T,42.50000000,2.25000000,EUROPE-AFRICA,France,MED
Konya,Konya,GPE,0.02235772,0.32774390,en,8.20000000,4110361-0,306571,P,37.87135000,32.48464000,EUROPE-AFRICA,Turkey,MED
Egypt,Egypt,GPE,-0.00773084,0.11117160,en,8.20000000,4000556-2,357994,A,27.00000000,30.00000000,AFRICA,Egypt,SAH
Bartın,Bartın,GPE,-0.05411585,0.45655488,en,8.20000000,4225294-5,751057,P,41.63583000,32.33750000,EUROPE-AFRICA,Turkey,MED
Beykoz,Beykoz,GPE,-0.13719512,0.31402439,en,8.20000000,4219726-0,7733235,A,41.13774000,29.16932000,EUROPE-AFRICA,Turkey,MED
Kemer,Kemer,GPE,-0.01727642,0.30487805,en,8.20000000,4586510-3,1530324,P,50.23295000,65.26191000,ASIA,Kazakhstan,WSB
May.,May.,GPE,-0.05081301,0.28150407,en,8.20000000,,3489523,P,17.96454000,-77.24515000,CENTRAL-AMERICA,Jamaica,CAR
Finike,Finike,GPE,0.08561992,0.45960366,en,8.20000000,1073561054,314923,X,36.29500000,30.14055500,EUROPE-AFRICA,Turkey,MED
Ağrı,Ağrı,GPE,0.03387534,0.23373984,en,8.20000000,4212002-0,309647,P,39.71467000,43.04015000,ASIA,Turkey,WCA
Romania,Romania,GPE,0.42085489,0.84232570,en,8.20000000,4050939-4,798549,A,46.00000000,25.00000000,EUROPE,Romania,WCE
Syria,Syria,GPE,-0.06796002,0.24432687,en,8.10000000,4058794-0,163843,A,35.00000000,38.00000000,EUROPE-AFRICA,Syria,MED
Pakistan,Pakistan,GPE,-0.09687500,0.40468750,en,8.00000000,4075812-6,1168579,A,30.00000000,70.00000000,ASIA,Pakistan,WCA
Rize,Rize,GPE,-0.08229167,0.29270833,en,8.00000000,4473903-5,740483,P,41.02083000,40.52194000,ASIA,Turkey,WCA
Uşak,Uşak,GPE,-0.01460114,0.35078348,en,7.80000000,4449030-6,298299,P,38.67351000,29.40580000,EUROPE-AFRICA,Turkey,MED
Africa,Africa,LOC,0.14069264,0.24783550,en,7.70000000,,0,,,,,,
İzmir,İzmir,GPE,0.03654971,0.23062865,en,7.60000000,4096359-7,311046,P,38.41273000,27.13838000,EUROPE-AFRICA,Turkey,MED
Battalgazi,Battalgazi,GPE,0.00000000,0.29452055,en,7.30000000,,7732936,A,38.43932000,38.45764000,EUROPE-AFRICA,Turkey,MED
Somalia,Somalia,GPE,-0.05593607,0.26369863,en,7.30000000,4077509-4,51537,A,6.00000000,48.00000000,AFRICA,Somalia,NEAF
the Marmara Region,the Marmara Region,LOC,-0.12478956,0.43955177,en,7.20000000,,741725,P,40.96907000,27.95503000,EUROPE-AFRICA,Turkey,MED
Iraq,Iraq,GPE,0.14576720,0.38858300,en,7.20000000,4072920-5,99237,A,33.00000000,44.00000000,ASIA,Iraq,WCA
Argentina,Argentina,GPE,0.16413014,0.26266760,en,7.20000000,4002890-2,3865483,A,-34.00000000,-64.00000000,SOUTH-AMERICA,Argentina,SES
Thailand,Thailand,GPE,0.00000000,0.00000000,en,7.10000000,4078228-1,1605651,A,15.50000000,101.00000000,ASIA,Thailand,SEA
Australia,Australia,GPE,0.01009390,0.48286385,en,7.10000000,4003900-6,2077456,A,-25.00000000,135.00000000,OCEANIA,Australia,CAU
Sapanca Lake,Sapanca Lake,LOC,0.29009740,0.48782468,en,7.00000000,,740228,H,40.72111000,30.24833000,EUROPE-AFRICA,Turkey,MED
Sarıyer,Sarıyer,GPE,-0.11029412,0.28676471,en,6.80000000,4817681-3,8521535,A,41.21482000,29.05678000,EUROPE-AFRICA,Turkey,MED
Portugal,Portugal,GPE,-0.04291045,0.38619403,en,6.70000000,4046843-4,2264397,A,39.69450000,-8.13057000,EUROPE-AFRICA,Portugal,MED
CHP,CHP,GPE,0.09280303,0.49494949,en,6.60000000,,3531011,A,16.50000000,-92.50000000,CENTRAL-AMERICA,Mexico,SCA
Denizli,Denizli,GPE,-0.00664062,0.11015625,en,6.40000000,4488376-6,317109,P,37.77417000,29.08750000,EUROPE-AFRICA,Turkey,MED
Birecik,Birecik,GPE,0.03483073,0.30175781,en,6.40000000,4520935-2,8630793,A,37.03387000,37.99658000,EUROPE-AFRICA,Turkey,MED
Erzurum,Erzurum,LOC,-0.00312500,0.22500000,en,6.40000000,4070958-9,315368,P,39.90861000,41.27694000,ASIA,Turkey,WCA
Tonga,Tonga,GPE,0.00651042,0.10937500,en,6.40000000,4060396-9,4032283,A,-20.00000000,-175.00000000,PACIFIC,Tonga,SPO
Çankırı,Çankırı,GPE,-0.00251116,0.37992932,en,6.40000000,4229337-6,749748,P,40.59995000,33.61530000,EUROPE-AFRICA,Turkey,MED
Van,Van,GPE,0.16043527,0.39704241,en,6.40000000,4378892-0,298117,P,38.49457000,43.38323000,ASIA,Turkey,WCA
Alanya,Alanya,GPE,-0.01529948,0.47167969,en,6.40000000,4206264-0,324190,P,36.54375000,31.99982000,EUROPE-AFRICA,Türkiye,MED
Caracas,Caracas,GPE,0.10117187,0.21458333,en,6.40000000,4009457-1,3646738,P,10.48801000,-66.87919000,SOUTH-AMERICA,Venezuela,NSA
Fethiye,Fethiye,GPE,-0.06250000,0.12239583,en,6.40000000,4236689-6,314967,P,36.64038000,29.12758000,EUROPE-AFRICA,Turkey,MED
Bosphorus,Bosphorus,LOC,0.01521164,0.54431217,en,6.30000000,,745043,H,41.10164000,29.06097000,EUROPE-AFRICA,Türkiye,MED
Kütahya,Kütahya,GPE,0.11827957,0.41532258,en,6.20000000,4266546-2,305268,P,39.42417000,29.98333000,EUROPE-AFRICA,Turkey,MED
Chile,Chile,GPE,0.05798771,0.12250384,en,6.20000000,4009929-5,3895114,A,-30.00000000,-71.00000000,SOUTH-AMERICA,Chile,SWS
Hakkari,Hakkari,GPE,-0.11279122,0.45889337,en,6.20000000,,312888,A,37.58333000,44.16667000,ASIA,Turkey,WCA
Muş,Muş,GPE,0.09098361,0.37540984,en,6.10000000,4285661-9,304081,P,38.73163000,41.48482000,ASIA,Turkey,WCA
Bulgaria,Bulgaria,GPE,0.02373737,0.45366162,en,6.00000000,4008866-2,732800,A,42.66667000,25.25000000,EUROPE-AFRICA,Bulgaria,MED
Brazil,Brazil,GPE,-0.08125000,0.21875000,en,6.00000000,4008003-1,3469034,A,-10.00000000,-55.00000000,SOUTH-AMERICA,Brazil,SAM
Kilis,Kilis,GPE,-0.03813559,0.13135593,en,5.90000000,4214349-4,307864,P,36.71611000,37.11500000,EUROPE-AFRICA,Turkey,MED
Saimbeyli district,Saimbeyli district,LOC,0.15819209,0.29096045,en,5.90000000,,0,,,,,,
Adıyaman,Adıyaman,GPE,-0.01173372,0.09171456,en,5.80000000,4478957-9,325330,P,37.76441000,38.27629000,EUROPE-AFRICA,Turkey,MED
Mersin,Mersin,GPE,0.24899425,0.66235632,en,5.80000000,4122001-8,304531,P,36.81196000,34.63886000,EUROPE-AFRICA,Turkey,MED
Tehran,Tehran,GPE,-0.01072125,0.13060429,en,5.70000000,4059304-6,112931,P,35.69439000,51.42151000,ASIA,Iran,WCA
Eastern Mediterranean,Eastern Mediterranean,LOC,0.06759019,0.51884560,en,5.50000000,,10922505,L,39.42657000,41.23464000,ASIA,Turkey,WCA
West,West,LOC,0.07500000,0.28181818,en,5.50000000,,11887751,L,42.77268000,-116.95790000,NORTH-AMERICA,United States,WNA
Mindanao,Mindanao,GPE,0.04545455,0.04545455,en,5.50000000,4100996-4,1699597,T,7.66382000,125.13051000,ASIA,Philippines,SEA
Ordu,Ordu,GPE,0.20799663,0.44730640,en,5.50000000,4210636-9,741100,P,40.97782000,37.89047000,EUROPE-AFRICA,Turkey,MED
Bingöl,Bingöl,GPE,0.02348485,0.19393939,en,5.50000000,4243380-0,321082,P,38.88472000,40.49389000,ASIA,Turkey,WCA
Gazipaşa,Gazipaşa,GPE,-0.03143939,0.43977273,en,5.50000000,7859796-1,7668334,S,36.29922000,32.30060000,EUROPE-AFRICA,Turkey,MED
Kırklareli,Kırklareli,GPE,-0.08181818,0.19191919,en,5.50000000,4313350-2,743166,P,41.73508000,27.22521000,EUROPE-AFRICA,Turkey,MED
Pacific,Pacific,LOC,0.14848485,0.26060606,en,5.50000000,,0,,,,,,
Zonguldak,Zonguldak,GPE,-0.05530303,0.34166667,en,5.50000000,4119254-0,737022,P,41.45139000,31.79305000,EUROPE-AFRICA,Turkey,MED
Erbaa,Erbaa,LOC,-0.06287879,0.36136364,en,5.50000000,4626425-5,747489,P,40.66889000,36.56750000,EUROPE-AFRICA,Turkey,MED
Tokyo,Tokyo,GPE,-0.06018519,0.26203704,en,5.40000000,4078337-6,1850147,P,35.68950000,139.69171000,ASIA,Japan,EAS
the Central Mediterranean,the Central Mediterranean,LOC,0.09811608,0.47521645,en,5.40000000,,8365399,S,38.48222000,22.50158000,EUROPE-AFRICA,Greece,MED
the Gaza Strip,the Gaza Strip,GPE,-0.15408805,0.62547170,en,5.30000000,,6269611,S,31.77614000,35.23549000,EUROPE-AFRICA,Palestinian Territory,MED
Kaş district,Kaş district,LOC,0.00000000,0.00000000,en,5.20000000,,10344732,A,12.45752000,24.01199000,AFRICA,Sudan,CAF
Fukushima,Fukushima,GPE,0.09329446,0.45189504,en,4.90000000,4332074-0,2112923,P,37.75000000,140.46667000,ASIA,Japan,EAS
Anatolia,Anatolia,GPE,-0.11352657,0.55314010,en,4.60000000,,10922504,L,39.17175000,33.52346000,EUROPE-AFRICA,Turkey,MED
Sakarya,Sakarya,GPE,0.14913302,0.60060818,en,4.60000000,4212000-7,752850,P,40.78056000,30.40333000,EUROPE-AFRICA,Turkey,MED
Western Black Sea,Western Black Sea,LOC,0.01164596,0.37096273,en,4.60000000,,10922499,L,41.25206000,36.96073000,EUROPE-AFRICA,Turkey,MED
Vanuatu,Vanuatu,GPE,0.00000000,0.00000000,en,4.60000000,4062334-8,2134431,A,-16.33330000,167.50000000,PACIFIC,Vanuatu,SPO
Bozcaada,Bozcaada,GPE,-0.02445652,0.24728261,en,4.60000000,4570263-9,320700,P,39.83500000,26.06972000,EUROPE-AFRICA,Turkey,MED
earth,earth,LOC,0.10054348,0.49456522,en,4.60000000,,0,,,,,,
the Pacific Ocean,the Pacific Ocean,LOC,0.10386473,0.58816425,en,4.60000000,,7670505,H,7.11300000,171.25400000,PACIFIC,Marshall Islands,EPO
Iwate Prefecture,Iwate Prefecture,GPE,0.00000000,0.00000000,en,4.60000000,4323908-0,2111834,P,39.70000000,141.15000000,ASIA,Japan,EAS
Bursa,Bursa,GPE,-0.07065217,0.04528986,en,4.60000000,4009173-9,750269,P,40.19559000,29.06013000,EUROPE-AFRICA,Turkey,MED
Pacific island,Pacific island,LOC,0.00000000,0.00000000,en,4.60000000,,1862185,T,36.00000000,138.00000000,ASIA,Japan,EAS
Western Mediterranean,Western Mediterranean,LOC,0.08254831,0.39722222,en,4.60000000,,10922502,L,36.78713000,34.22001000,EUROPE-AFRICA,Turkey,MED
Bitlis,Bitlis,GPE,-0.11304348,0.31304348,en,4.60000000,4080421-5,321025,P,38.40115000,42.10784000,ASIA,Turkey,WCA
Niksar,Niksar,GPE,-0.09420290,0.22282609,en,4.60000000,4527049-1,741304,P,40.59167000,36.95167000,EUROPE-AFRICA,Turkey,MED
Düzce,Düzce,GPE,-0.08816425,0.56642512,en,4.60000000,16170358-6,747764,P,40.83889000,31.16389000,EUROPE-AFRICA,Turkey,MED
Alps,Alps,GPE,0.09375000,0.48011364,en,4.40000000,,0,,,,,,
Gulf,Gulf,LOC,-0.01259690,0.78003876,en,4.30000000,,0,,,,,,
Colombia,Colombia,GPE,0.01488095,0.11904762,en,4.20000000,4031812-6,3686110,A,4.00000000,-73.25000000,SOUTH-AMERICA,Colombia,NWS
Çorum,Çorum,GPE,0.02380952,0.53174603,en,4.20000000,4230601-2,748879,P,40.54889000,34.95333000,EUROPE-AFRICA,Turkey,MED
Riyadh,Riyadh,GPE,-0.25892857,0.54583333,en,4.20000000,4015384-8,108410,P,24.68773000,46.72185000,ASIA,Saudi Arabia,ARP
Mexico,Mexico,GPE,0.31805556,0.30763889,en,4.00000000,4039058-5,3996063,A,23.00000000,-102.00000000,CENTRAL-AMERICA,Mexico,NCA
Beşiktaş,Beşiktaş,GPE,0.21051136,0.45871212,en,4.00000000,4412502-1,7733234,A,41.07122000,29.02321000,EUROPE-AFRICA,Turkey,MED
Qatar,Qatar,GPE,0.32051282,0.53205128,en,3.90000000,4029924-7,289688,A,25.50000000,51.25000000,ASIA,Qatar,ARP
Saimbeyli,Saimbeyli,GPE,0.00000000,0.00000000,en,3.80000000,4497972-1,8631903,A,37.99615000,36.09909000,EUROPE-AFRICA,Turkey,MED
Mali,Mali,LOC,-0.05153509,0.24013158,en,3.80000000,4074505-3,2453866,A,18.00000000,-2.00000000,AFRICA,Mali,SAH
Dardanelles,Dardanelles,GPE,-0.12162162,0.25675676,en,3.70000000,,3381949,L,3.74777000,-52.63619000,SOUTH-AMERICA,French Guiana,NSA
Yedisu,Yedisu,GPE,-0.09555985,0.33545689,en,3.70000000,,8631555,A,39.43404000,40.54482000,ASIA,Turkey,WCA
Kemah,Kemah,GPE,0.00000000,0.00000000,en,3.70000000,4245294-6,4702913,P,29.54273000,-95.02048000,NORTH-AMERICA,United States,CNA
UAE,UAE,GPE,-0.06981982,0.31456456,en,3.70000000,,2368892,P,12.26667000,-14.70000000,AFRICA,Guinea-Bissau,WAF
the Marmara Sea,the Marmara Sea,LOC,-0.00675676,0.34234234,en,3.70000000,,0,,,,,,
Uttar Pradesh,Uttar Pradesh,GPE,0.01989489,0.58295796,en,3.70000000,4062226-5,1253626,A,27.25000000,80.75000000,ASIA,India,SAS
Isparta,Isparta,GPE,0.36486486,0.63288288,en,3.70000000,4255311-8,311073,P,37.76444000,30.55222000,EUROPE-AFRICA,Turkey,MED
Iwate,Iwate,LOC,-0.05743243,0.10472973,en,3.70000000,4323908-0,2111834,P,39.70000000,141.15000000,ASIA,Japan,EAS
Georgia,Georgia,GPE,-0.16964286,0.48672780,en,3.70000000,4022406-5,614540,A,41.99998000,43.49990000,ASIA,Georgia,WCA
Kadirli,Kadirli,GPE,-0.15202703,0.45608108,en,3.70000000,4368300-9,10276811,L,41.54295000,22.69952000,EUROPE-AFRICA,North Macedonia,MED
Buldan,Buldan,GPE,0.00000000,0.00000000,en,3.70000000,4593212-8,320437,P,38.04500000,28.83056000,EUROPE-AFRICA,Turkey,MED
the Western Black Sea,the Western Black Sea,LOC,-0.03421278,0.34384384,en,3.70000000,,6509465,S,44.49208000,-103.85259000,NORTH-AMERICA,United States,CNA
Turhal,Turhal,GPE,0.00337838,0.40878378,en,3.70000000,4518393-4,738618,P,40.38750000,36.08111000,EUROPE-AFRICA,Turkey,MED
Antarctica,Antarctica,LOC,0.24774775,0.57657658,en,3.70000000,,0,,,,,,
Central Black Sea,Central Black Sea,LOC,-0.05161411,0.34365616,en,3.70000000,,5762871,S,44.47971000,-103.78076000,NORTH-AMERICA,United States,CNA
Kocaeli,Kocaeli,GPE,-0.01486486,0.58648649,en,3.70000000,4109182-6,745028,P,40.76499000,29.92928000,EUROPE-AFRICA,Turkey,MED
Lebanon,Lebanon,GPE,-0.08783784,0.14339339,en,3.70000000,4035567-6,272103,A,33.83333000,35.83333000,EUROPE-AFRICA,Lebanon,MED
Yozgat,Yozgat,GPE,0.35885886,0.59759760,en,3.70000000,4240543-9,296562,P,39.82000000,34.80444000,EUROPE-AFRICA,Turkey,MED
Netherlands,Netherlands,GPE,0.06531532,0.49211712,en,3.70000000,4042203-3,2750405,A,52.25000000,5.75000000,EUROPE,The Netherlands,NEU
Asia,Asia,LOC,-0.08333333,0.62500000,en,3.60000000,,0,,,,,,
Izmir,Izmir,GPE,0.05092593,0.52314815,en,3.60000000,4096359-7,311046,P,38.41273000,27.13838000,EUROPE-AFRICA,Turkey,MED
Kastamonu,Kastamonu,GPE,0.00370370,0.40833333,en,3.60000000,4460675-8,743882,P,41.37805000,33.77528000,EUROPE-AFRICA,Turkey,MED
Norway,Norway,GPE,0.14880952,0.38864087,en,3.60000000,4042640-3,3144096,A,62.00000000,10.00000000,EUROPE,Norway,NEU
Iceland,Iceland,GPE,-0.61111111,1.02777778,en,3.60000000,4027754-9,2629691,A,65.00000000,-18.00000000,POLAR,Iceland,GIC
Western Europe,Western Europe,LOC,0.01376623,0.15636364,en,3.50000000,,0,,,,,,
TRNC,TRNC,GPE,-0.04642857,0.69642857,en,3.50000000,,8220545,A,35.25000000,33.75000000,EUROPE-AFRICA,Cyprus,MED
Yüksekova,Yüksekova,GPE,-0.14146825,0.32837302,en,3.50000000,,296173,P,37.57362000,44.28716000,ASIA,Turkey,WCA
Sweden,Sweden,GPE,-0.07380952,0.56904762,en,3.50000000,4077258-5,2661886,A,62.00000000,15.00000000,EUROPE,Sweden,NEU
South Africa,South Africa,GPE,0.03714286,0.16142857,en,3.50000000,4078012-0,953987,A,-29.00000000,24.00000000,AFRICA,South Africa,WSAF
Salihli district,Salihli district,LOC,-0.05568783,0.42354497,en,3.50000000,,302044,P,38.23703000,39.66253000,EUROPE-AFRICA,Turkey,MED
Tunceli,Tunceli,GPE,-0.02023810,0.44761905,en,3.50000000,4243388-5,298846,P,39.09921000,39.54351000,EUROPE-AFRICA,Turkey,MED
Kağıthane,Kağıthane,GPE,-0.02857143,0.15000000,en,3.50000000,,7732504,A,41.08319000,28.97826000,EUROPE-AFRICA,Turkey,MED
the Adana Basin,the Adana Basin,LOC,0.00000000,0.29411765,en,3.40000000,,0,,,,,,
Austria,Austria,GPE,0.17171717,0.48484848,en,3.30000000,4043271-3,2782113,A,47.33333000,13.33333000,EUROPE,Austria,WCE
Los Angeles,Los Angeles,GPE,0.08264463,0.65426997,en,3.30000000,4036361-2,5368361,P,34.05223000,-118.24368000,NORTH-AMERICA,United States,WNA
Simav,Simav,GPE,0.00000000,0.24242424,en,3.30000000,4759508-5,8632455,A,39.09822000,28.96464000,EUROPE-AFRICA,Turkey,MED
Morocco,Morocco,GPE,0.53181818,0.39090909,en,3.30000000,4037680-1,2542007,A,28.50000000,-10.00000000,AFRICA,Morocco,SAH
Dubai,Dubai,GPE,-0.02419355,0.37634409,en,3.10000000,4204044-9,292223,P,25.07725000,55.30927000,ASIA,United Arab Emirates,ARP
Cyprus,Cyprus,GPE,0.00000000,0.32258065,en,3.10000000,4241756-9,146669,A,35.00000000,33.00000000,EUROPE-AFRICA,Cyprus,MED
Hawaii,Hawaii,GPE,0.00000000,0.00000000,en,3.10000000,251184-8,5855797,A,20.78785000,-156.38612000,PACIFIC,United States,NPO
Wellington,Wellington,GPE,-0.09072581,0.48723118,en,3.10000000,4119042-7,2179537,P,-41.28664000,174.77557000,OCEANIA,New Zealand,NZ
Seattle,Seattle,GPE,-0.40422078,0.61688312,en,2.80000000,,5809844,P,47.60621000,-122.33207000,NORTH-AMERICA,United States,WNA
Kenya,Kenya,GPE,-0.04761905,0.44047619,en,2.80000000,4030236-2,192950,A,1.00000000,38.00000000,AFRICA,Kenya,SEAF
Kumla,Kumla,GPE,0.00000000,0.93750000,en,2.80000000,,8624036,T,41.28218000,20.73205000,EUROPE-AFRICA,North Macedonia,MED
Liverpool,Liverpool,GPE,-0.18452381,0.52827381,en,2.80000000,4036068-4,2644210,P,53.41058000,-2.97794000,EUROPE,United Kingdom,NEU
Kırıkhan,Kırıkhan,GPE,-0.01785714,0.53571429,en,2.80000000,,437929,A,36.52444000,36.43639000,EUROPE-AFRICA,Turkey,MED
Crete,Crete,GPE,-0.07619048,0.21309524,en,2.80000000,4073791-3,258764,L,35.16667000,25.00000000,EUROPE-AFRICA,Greece,MED
California,California,GPE,-0.16071429,0.31250000,en,2.80000000,,11071615,L,34.68743000,-116.78467000,NORTH-AMERICA,United States,WNA
Miyako Island,Miyako Island,LOC,0.00000000,0.00000000,en,2.80000000,,1856779,T,24.78333000,125.33333000,ASIA,Japan,EAS
the Arabian Peninsula,the Arabian Peninsula,LOC,0.15476190,0.26190476,en,2.80000000,,0,,,,,,
Sicily,Sicily,GPE,0.16607143,0.57857143,en,2.80000000,4055193-3,2523118,T,37.62304000,13.93457000,EUROPE-AFRICA,Italy,MED
the Eastern Black Sea Region,the Eastern Black Sea Region,LOC,-0.03422619,0.47321429,en,2.80000000,,0,,,,,,
Hiroshima,Hiroshima,GPE,-0.07886905,0.31547619,en,2.80000000,4072524-8,1862415,P,34.40000000,132.45000000,ASIA,Japan,EAS
the Czech Republic,the Czech Republic,GPE,-0.14285714,0.16666667,en,2.80000000,,6986495,T,28.44912000,56.84917000,ASIA,Iran,WCA
the Ilgar Mountain Pass,the Ilgar Mountain Pass,LOC,0.38095238,0.52380952,en,2.80000000,,0,,,,,,
Ternate,Ternate,GPE,0.02232143,0.17857143,en,2.80000000,4272036-9,1624041,P,0.79065000,127.38424000,ASIA,Indonesia,SEA
El Nino,El Nino,GPE,0.18777056,0.40620491,en,2.80000000,,12513655,L,-0.90231000,-89.52853000,PACIFIC,Ecuador,EPO
Honshu Island,Honshu Island,LOC,0.00000000,0.04464286,en,2.80000000,,1862185,T,36.00000000,138.00000000,ASIA,Japan,EAS
Bahçesaray,Bahçesaray,GPE,-0.03794643,0.11383929,en,2.80000000,4446749-7,8630843,A,38.12635000,42.80493000,ASIA,Turkey,WCA
Oman,Oman,GPE,0.00892857,0.24107143,en,2.80000000,4075653-1,286963,A,21.00000000,57.00000000,ASIA,Oman,ARP
the Central Anatolia Region,the Central Anatolia Region,LOC,-0.04365079,0.36720522,en,2.80000000,,746808,S,40.04831000,31.19416000,EUROPE-AFRICA,Turkey,MED
Karachi,Karachi,GPE,-0.23214286,0.50000000,en,2.80000000,4097647-6,1174872,P,24.86080000,67.01040000,ASIA,Pakistan,SAS
the United Arab Emirates,the United Arab Emirates,GPE,-0.09226190,0.41567460,en,2.80000000,,8469718,T,25.22231000,55.17181000,ASIA,United Arab Emirates,ARP
Karaman,Karaman,GPE,0.11458333,0.49107143,en,2.80000000,4241058-7,309527,P,37.18111000,33.21500000,EUROPE-AFRICA,Turkey,MED
New Jersey,New Jersey,GPE,0.18392857,0.49583333,en,2.80000000,4442932-0,5099836,P,40.72816000,-74.07764000,NORTH-AMERICA,United States,ENA
United States,United States,GPE,-0.13682746,0.36703772,en,2.80000000,,0,,,,,,
Trabzon-Bayburt,Trabzon-Bayburt,GPE,-0.06547619,0.22023810,en,2.80000000,,0,,,,,,
Sultangazi,Sultangazi,GPE,-0.18750000,0.64285714,en,2.80000000,1284739449,8521536,A,41.11601000,28.87632000,EUROPE-AFRICA,Turkey,MED
Eid al-Fitr,Eid al-Fitr,GPE,-0.16071429,0.58134921,en,2.80000000,,0,,,,,,
Kumamoto,Kumamoto,GPE,0.23214286,0.39285714,en,2.80000000,4382233-2,1857892,T,32.42944000,130.99099000,ASIA,Japan,EAS
Milas district,Milas district,LOC,-0.21428571,0.60714286,en,2.80000000,,2501541,P,36.16286000,6.16651000,EUROPE-AFRICA,Algeria,MED
Misli,Misli,GPE,0.28354978,0.69047619,en,2.80000000,,681197,A,45.08525000,25.94139000,EUROPE,Romania,WCE
Tobelo,Tobelo,GPE,0.00000000,0.00000000,en,2.80000000,1155248031,1623651,P,1.72837000,128.00948000,ASIA,Indonesia,SEA
Hokkaido,Hokkaido,GPE,0.00000000,0.22023810,en,2.80000000,4095546-1,11257417,L,43.51669000,142.44873000,ASIA,Japan,EAS
the Western Black Sea Region,the Western Black Sea Region,LOC,-0.00141723,0.29258787,en,2.80000000,,6509465,S,44.49208000,-103.85259000,NORTH-AMERICA,United States,CNA
Amsterdam,Amsterdam,GPE,0.29365079,0.41765873,en,2.80000000,4001783-7,2759794,P,52.37403000,4.88969000,EUROPE,The Netherlands,NEU
Istanbulites,Istanbulites,GPE,0.00000000,0.28571429,en,2.80000000,,0,,,,,,
Manavgat,Manavgat,GPE,0.27232143,0.56696429,en,2.80000000,16324467-4,304854,P,36.78667000,31.44306000,EUROPE-AFRICA,Turkey,MED
Çatalca,Çatalca,GPE,0.07407407,0.07407407,en,2.70000000,4229455-1,749644,P,41.14073000,28.45967000,EUROPE-AFRICA,Turkey,MED
London,London,GPE,-0.21296296,0.69135802,en,2.70000000,4074335-4,2643743,P,51.50853000,-0.12574000,EUROPE,United Kingdom,NEU
North Africa,North Africa,GPE,0.20352734,0.44902998,en,2.70000000,7648389-7,57289,P,9.56000000,44.06500000,AFRICA,Somalia,NEAF
Şişli,Şişli,GPE,-0.18518519,0.60493827,en,2.70000000,7620956-8,739549,P,41.06046000,28.98717000,EUROPE-AFRICA,Turkey,MED
Florida,Florida,GPE,0.08974359,0.44230769,en,2.60000000,4017585-6,12217087,L,26.50000000,-81.00000000,NORTH-AMERICA,United States,ENA
America,America,GPE,0.32592408,0.42295205,en,2.60000000,,0,,,,,,
ISTANBUL,ISTANBUL,GPE,-0.15384615,0.21153846,en,2.60000000,4088772-8,745044,P,41.01384000,28.94966000,EUROPE-AFRICA,Turkey,MED
Datça,Datça,GPE,0.00000000,0.00000000,en,2.60000000,4363196-4,317543,P,36.73778000,27.68417000,EUROPE-AFRICA,Turkey,MED
Moscow,Moscow,GPE,-0.17948718,0.26923077,en,2.60000000,4074987-3,524901,P,55.75204000,37.61781000,EUROPE,Russia,WCE
Hormuz,Hormuz,GPE,0.12000000,0.20000000,en,2.50000000,4072627-7,287878,H,26.56667000,56.25000000,ASIA,Oman,WCA
Bayrampaşa,Bayrampaşa,GPE,-0.17750000,0.48250000,en,2.50000000,7736477-6,7732459,A,41.04691000,28.90278000,EUROPE-AFRICA,Turkey,MED
Feke,Feke,GPE,0.00000000,0.00000000,en,2.40000000,4298836-6,8631905,A,37.82405000,35.91826000,EUROPE-AFRICA,Turkey,MED
Konyaspor,Konyaspor,GPE,0.13888889,0.69444444,en,2.40000000,,0,,,,,,
Washington,Washington,GPE,0.06770833,0.36805556,en,2.40000000,4064682-8,4140963,P,38.89511000,-77.03637000,NORTH-AMERICA,United States,ENA
Switzerland,Switzerland,GPE,0.27777778,0.62500000,en,2.40000000,,2658434,A,47.00016000,8.01427000,EUROPE,Switzerland,WCE
Seydikemer,Seydikemer,GPE,-0.00422705,0.30736715,en,2.30000000,,9548757,A,36.64308000,29.34929000,EUROPE-AFRICA,Turkey,MED
Libya,Libya,GPE,-0.00362319,0.61473430,en,2.30000000,4035589-5,2215636,A,28.00000000,17.00000000,AFRICA,Libya,SAH
Kuwait,Kuwait,GPE,-0.25568182,0.40340909,en,2.20000000,4073919-3,285570,A,29.50000000,47.75000000,ASIA,Kuwait,ARP
Afyonkarahisar,Afyonkarahisar,GPE,0.09090909,0.31060606,en,2.20000000,4203790-6,325303,P,38.75667000,30.54333000,EUROPE-AFRICA,Turkey,MED
Aybastı,Aybastı,GPE,0.17105263,0.55116959,en,1.90000000,7608655-0,8631644,A,40.69690000,37.40794000,EUROPE-AFRICA,Turkey,MED
Arnavutköy,Arnavutköy,GPE,-0.10526316,0.26315789,en,1.90000000,4541851-2,751868,P,41.18355000,28.74020000,EUROPE-AFRICA,Turkey,MED
Esenyurt,Esenyurt,GPE,-0.06578947,0.19736842,en,1.90000000,,747323,P,41.02697000,28.67732000,EUROPE-AFRICA,Turkey,MED
the Northern Aegean,the Northern Aegean,LOC,-0.13157895,0.39473684,en,1.90000000,,5322493,L,33.60391000,-117.68811000,CENTRAL-AMERICA,United States,NCA
Rhode Island,Rhode Island,GPE,0.20287081,0.54290271,en,1.90000000,4049848-7,5224323,A,41.75038000,-71.49978000,NORTH-AMERICA,United States,ENA
Akçakoca district,Akçakoca district,LOC,0.02339181,0.25730994,en,1.90000000,,8632517,A,41.08053000,31.12966000,EUROPE-AFRICA,Turkey,MED
Ayrancı,Ayrancı,GPE,0.00000000,0.00000000,en,1.90000000,,8632134,A,37.37111000,33.69291000,EUROPE-AFRICA,Turkey,MED
Pendik,Pendik,GPE,0.00000000,0.00000000,en,1.90000000,1085025-9,7732579,A,40.94577000,29.33019000,EUROPE-AFRICA,Turkey,MED
Başçiftlik,Başçiftlik,GPE,-0.22807018,0.31578947,en,1.90000000,,8631714,A,40.55728000,37.17674000,EUROPE-AFRICA,Turkey,MED
Ethiopia,Ethiopia,GPE,0.31578947,0.50000000,en,1.90000000,4000639-6,337996,A,9.00000000,39.50000000,AFRICA,Ethiopia,NEAF
Mardin,Mardin,GPE,-0.09356725,0.21345029,en,1.90000000,4100494-2,304797,P,37.31309000,40.74357000,ASIA,Turkey,WCA
Tripoli,Tripoli,GPE,-0.08991228,0.28143275,en,1.90000000,4262763-1,266826,P,34.43352000,35.84415000,EUROPE-AFRICA,Lebanon,MED
the Selevir Dam,the Selevir Dam,LOC,0.28947368,0.49122807,en,1.90000000,,0,,,,,,
Massachusetts,Massachusetts,GPE,0.20287081,0.54290271,en,1.90000000,4037858-5,6254926,A,42.36565000,-71.10832000,NORTH-AMERICA,United States,ENA
Berlin,Berlin,GPE,0.00000000,0.00000000,en,1.90000000,4005728-8,2950159,P,52.52437000,13.41053000,EUROPE,Germany,WCE
the Maluku Sea,the Maluku Sea,LOC,0.00000000,0.00000000,en,1.90000000,,0,,,,,,
UNICEF,UNICEF,GPE,0.00000000,0.00000000,en,1.90000000,,10626187,L,42.35061000,13.40565000,EUROPE-AFRICA,Italy,MED
Ganos Mountain,Ganos Mountain,LOC,0.09539474,0.22916667,en,1.90000000,,745106,T,40.83966000,27.31833000,EUROPE-AFRICA,Turkey,MED
Pütürge district,Pütürge district,LOC,0.00000000,0.00000000,en,1.90000000,,0,,,,,,
Pacific Ocean,Pacific Ocean,LOC,0.08771930,0.17543860,en,1.90000000,,0,,,,,,
Texas,Texas,GPE,0.43859649,0.85964912,en,1.90000000,4059594-8,12217092,L,28.92040000,-98.57720000,CENTRAL-AMERICA,United States,NCA
the Baltic Sea,the Baltic Sea,LOC,-0.23333333,0.94561404,en,1.90000000,,5226143,P,43.76136000,-96.74033000,NORTH-AMERICA,United States,CNA
Colorado,Colorado,GPE,0.10526316,0.47368421,en,1.90000000,4010406-0,5417618,A,39.00027000,-105.50083000,NORTH-AMERICA,United States,WNA
Ayvacık district,Ayvacık district,LOC,0.02339181,0.19883041,en,1.90000000,,322697,P,38.61266000,27.18993000,EUROPE-AFRICA,Turkey,MED
the Persian Gulf,the Persian Gulf,LOC,0.54385965,0.88596491,en,1.90000000,,0,,,,,,
Hollywood,Hollywood,GPE,0.13237640,0.63716108,en,1.90000000,4408912-0,4158928,P,26.01120000,-80.14949000,NORTH-AMERICA,United States,ENA
Maluku Islands,Maluku Islands,LOC,0.00000000,0.00000000,en,1.90000000,,9165706,A,-6.17059000,134.46991000,ASIA,Indonesia,SEA
Uzbekistan,Uzbekistan,GPE,0.01754386,0.73684211,en,1.90000000,4062199-6,1512440,A,41.66667000,63.83333000,ASIA,Uzbekistan,WCA
Kırıkkale,Kırıkkale,GPE,0.02151211,0.34482038,en,1.90000000,4518386-7,307654,P,39.84528000,33.50639000,EUROPE-AFRICA,Turkey,MED
Angola,Angola,GPE,0.35167464,0.67224880,en,1.90000000,4002050-2,3351879,A,-12.50000000,18.50000000,AFRICA,Angola,WSAF
Thrace,Thrace,GPE,0.02923977,0.33918129,en,1.90000000,,738770,L,41.33333000,26.75000000,EUROPE-AFRICA,Turkey,MED
Tohoku,Tohoku,GPE,-0.05263158,0.57894737,en,1.90000000,4552767-2,2110769,L,39.00000000,141.00000000,ASIA,Japan,EAS
El Salvador,El Salvador,GPE,0.26315789,0.26315789,en,1.90000000,4014499-9,3585968,A,13.83333000,-88.91667000,CENTRAL-AMERICA,El Salvador,SCA
Maine,Maine,GPE,-0.34210526,0.57894737,en,1.90000000,4114929-4,4971068,A,45.50032000,-69.24977000,NORTH-AMERICA,United States,ENA
Calabria,Calabria,GPE,-0.10526316,0.85964912,en,1.90000000,4103588-4,2523630,P,38.11047000,15.66129000,EUROPE-AFRICA,Italy,MED
the Ancient City of Perre,the Ancient City of Perre,LOC,0.00000000,0.00000000,en,1.90000000,,0,,,,,,
Sancaktepe,Sancaktepe,GPE,0.00000000,0.00000000,en,1.90000000,,7628420,P,41.00244000,29.23187000,EUROPE-AFRICA,Turkey,MED
Euphrates,Euphrates,LOC,-0.07017544,0.36842105,en,1.90000000,4258936-8,241347,T,-9.42717000,46.24974000,AFRICA,Seychelles,SEAF
Sumatra Island,Sumatra Island,LOC,0.07017544,0.64912281,en,1.90000000,,1626198,T,0.00000000,102.00000000,ASIA,Indonesia,SEA
Ardanuç district,Ardanuç district,LOC,0.00000000,0.00000000,en,1.90000000,,0,,,,,,
Tunisia,Tunisia,GPE,0.00000000,0.03508772,en,1.90000000,4061206-5,2464461,A,34.00000000,9.00000000,EUROPE-AFRICA,Tunisia,MED
Turgutlu,Turgutlu,GPE,0.00000000,0.00000000,en,1.90000000,4523994-0,7642622,P,37.51217000,35.80113000,EUROPE-AFRICA,Turkey,MED
Araklı district,Araklı district,LOC,-0.04385965,0.27192982,en,1.90000000,,0,,,,,,
the Karadere Valley Hasköy-Değirmencik,the Karadere Valley Hasköy-Değirmencik,LOC,-0.04385965,0.27192982,en,1.90000000,,0,,,,,,
Giresun,Giresun,GPE,0.02850877,0.27192982,en,1.90000000,4229419-8,746881,P,40.91698000,38.38741000,EUROPE-AFRICA,Türkiye,MED
Bozcaada district,Bozcaada district,LOC,-0.06578947,0.19736842,en,1.90000000,,0,,,,,,
Arctic,Arctic,LOC,0.07177033,0.30502392,en,1.90000000,,0,,,,,,
Kos,Kos,GPE,-0.06578947,0.19736842,en,1.90000000,4829027-0,259244,T,36.84452000,27.14665000,EUROPE-AFRICA,Greece,MED
West Africa,West Africa,GPE,-0.07017544,0.15204678,en,1.90000000,,0,,,,,,
Hevsel Gardens,Hevsel Gardens,LOC,0.18421053,0.30263158,en,1.90000000,,0,,,,,,
Kepez,Kepez,GPE,0.15037594,0.28195489,en,1.90000000,,9535336,A,37.01187000,30.75966000,EUROPE-AFRICA,Turkey,MED
the Adriatic Sea,the Adriatic Sea,LOC,-0.08771930,0.54093567,en,1.90000000,,0,,,,,,
Danube,Danube,GPE,0.23684211,0.39473684,en,1.90000000,4012712-6,791630,H,45.33333000,29.66667000,EUROPE,Ukraine,WCE
Rhine,Rhine,GPE,0.23684211,0.39473684,en,1.90000000,,12077024,L,49.31885000,8.77012000,EUROPE,Germany,WCE
Athens,Athens,GPE,-0.10526316,0.26315789,en,1.90000000,4003366-1,264371,P,37.98376000,23.72784000,EUROPE-AFRICA,Greece,MED
Sincan,Sincan,GPE,-0.10526316,0.26315789,en,1.90000000,4626424-3,584959,P,40.94276000,47.58559000,ASIA,Azerbaijan,WCA
Kütahya Simav,Kütahya Simav,LOC,0.39473684,0.39473684,en,1.90000000,,8632455,A,39.09822000,28.96464000,EUROPE-AFRICA,Turkey,MED
Kuyucak,Kuyucak,GPE,0.00000000,0.00000000,en,1.90000000,,741971,P,40.15607000,31.82787000,EUROPE-AFRICA,Turkey,MED
Cappadocia,Cappadocia,GPE,0.03450292,0.21461988,en,1.90000000,1246404087,308464,P,38.73222000,35.48528000,EUROPE-AFRICA,Turkey,MED
the river delta,the river delta,LOC,-0.08771930,0.54093567,en,1.90000000,,4333588,L,29.16689000,-89.25033000,NORTH-AMERICA,United States,ENA
Peru,Peru,GPE,0.00000000,0.00000000,en,1.90000000,4045312-1,3932488,A,-10.00000000,-75.25000000,SOUTH-AMERICA,Peru,NWS
the Turkish Republic of Northern Cyprus,the Turkish Republic of Northern Cyprus,GPE,0.00000000,0.00000000,en,1.90000000,,0,,,,,,
Gibraltar,Gibraltar,GPE,-0.13157895,0.16666667,en,1.90000000,4020965-9,2411585,P,36.14474000,-5.35257000,EUROPE-AFRICA,Gibraltar,MED
Erdek,Erdek,GPE,0.15789474,0.63157895,en,1.90000000,7530385-1,8632441,A,40.40924000,27.80280000,EUROPE-AFRICA,Turkey,MED
Göcek,Göcek,GPE,0.25598086,0.59449761,en,1.90000000,,306859,P,36.75345000,28.94571000,EUROPE-AFRICA,Turkey,MED
Louvre,Louvre,GPE,0.25657895,0.73684211,en,1.90000000,,2997319,S,48.86102000,2.33587000,EUROPE,France,WCE
Northeast,Northeast,LOC,-0.10526316,0.34210526,en,1.90000000,,11887749,L,42.80019000,-74.11805000,NORTH-AMERICA,United States,ENA
Kentucky,Kentucky,GPE,-0.21052632,0.47368421,en,1.90000000,4097823-0,6254925,A,38.20042000,-84.87762000,NORTH-AMERICA,United States,ENA
Uruguay,Uruguay,GPE,0.21052632,0.34210526,en,1.90000000,4062186-8,3439705,A,-33.00000000,-56.00000000,SOUTH-AMERICA,Uruguay,SES
Beylikdüzü,Beylikdüzü,GPE,0.00000000,0.00000000,en,1.90000000,,6947640,P,40.98200000,28.63990000,EUROPE-AFRICA,Turkey,MED
Menemen district,Menemen district,LOC,-0.11403509,0.30701754,en,1.90000000,,304612,P,38.60754000,27.06938000,EUROPE-AFRICA,Turkey,MED
Bilecik,Bilecik,GPE,-0.26315789,0.47368421,en,1.90000000,4488388-2,750598,P,40.14192000,29.97932000,EUROPE-AFRICA,Turkey,MED
Dalaman,Dalaman,GPE,0.31578947,0.42105263,en,1.90000000,4376057-0,6299756,S,36.71306000,28.79250000,EUROPE-AFRICA,Turkey,MED
the Naip Dam,the Naip Dam,LOC,-0.01644737,0.42434211,en,1.90000000,,0,,,,,,
Posof,Posof,GPE,0.63157895,0.84210526,en,1.90000000,1343709695,740531,P,41.51111000,42.72917000,ASIA,Turkey,WCA
Crete Island,Crete Island,GPE,0.00000000,0.00000000,en,1.90000000,,258763,T,35.20523000,24.90308000,EUROPE-AFRICA,Greece,MED
Bolu Mountain,Bolu Mountain,LOC,-0.05263158,0.43859649,en,1.90000000,,742641,T,40.51667000,31.88333000,EUROPE-AFRICA,Turkey,MED
Illinois,Illinois,GPE,0.05901116,0.83413078,en,1.90000000,4109206-5,4896861,A,40.00032000,-89.25037000,NORTH-AMERICA,United States,ENA
the Black Sea Region,the Black Sea Region,LOC,-0.00438596,0.52850877,en,1.90000000,,5762871,S,44.47971000,-103.78076000,NORTH-AMERICA,United States,CNA
Milan,Milan,GPE,-0.06578947,0.19736842,en,1.90000000,4037100-1,3173435,P,45.46427000,9.18951000,EUROPE,Italy,WCE
Aomori,Aomori,GPE,0.00000000,0.00000000,en,1.90000000,4309664-5,2130658,P,40.81667000,140.73333000,ASIA,Japan,EAS
Southeastern,Southeastern,LOC,-0.10526316,0.34210526,en,1.90000000,,10922506,L,38.10898000,41.32862000,ASIA,Turkey,WCA
Yüksekova district,Yüksekova district,LOC,-0.18201754,0.53728070,en,1.90000000,,0,,,,,,
Inner Aegean,Inner Aegean,LOC,0.01942356,0.29344194,en,1.90000000,,12096544,H,38.42656000,27.13014000,EUROPE-AFRICA,Turkey,MED
Çaykara district,Çaykara district,LOC,-0.10526316,0.26315789,en,1.90000000,,0,,,,,,
Uzunlu Dam,Uzunlu Dam,LOC,0.31578947,0.50000000,en,1.90000000,,446171,S,39.25524000,35.41906000,EUROPE-AFRICA,Turkey,MED
Salihli,Salihli,GPE,0.31578947,0.42105263,en,1.90000000,4446949-4,302044,P,38.23703000,39.66253000,EUROPE-AFRICA,Turkey,MED
Gerede,Gerede,GPE,0.63157895,0.84210526,en,1.90000000,,746940,P,40.80083000,32.19694000,EUROPE-AFRICA,Turkey,MED
Dagestan,Dagestan,GPE,-0.05263158,0.13157895,en,1.90000000,4070193-1,567293,A,43.01667000,46.86667000,ASIA,Russia,WCA
Şarkikaraağaç,Şarkikaraağaç,GPE,0.32894737,0.75877193,en,1.90000000,,301539,P,38.07944000,31.36639000,EUROPE-AFRICA,Turkey,MED
Mada Island,Mada Island,GPE,-0.09210526,0.23245614,en,1.90000000,,305047,T,37.88333000,31.36667000,EUROPE-AFRICA,Turkey,MED
Eskişehir,Eskişehir,GPE,-0.06578947,0.19736842,en,1.90000000,7577920-1,315202,P,39.77667000,30.52056000,EUROPE-AFRICA,Turkey,MED
Batman,Batman,GPE,-0.26315789,0.26315789,en,1.90000000,,321836,P,37.88738000,41.13221000,ASIA,Turkey,WCA
Burdur,Burdur,GPE,-0.02318296,0.34649123,en,1.90000000,4260752-8,320392,P,37.72028000,30.29083000,EUROPE-AFRICA,Turkey,MED
Pazarcık,Pazarcık,GPE,-0.00986842,0.23684211,en,1.90000000,,740670,P,40.89778000,30.84516000,EUROPE-AFRICA,Turkey,MED
the Dukono Volcano,the Dukono Volcano,LOC,-0.10526316,0.67105263,en,1.90000000,,0,,,,,,
Mississippi,Mississippi,GPE,0.42105263,0.47368421,en,1.90000000,4039588-1,4436296,A,32.75041000,-89.75036000,NORTH-AMERICA,United States,ENA
the Southeastern Anatolia Region,the Southeastern Anatolia Region,LOC,-0.04473684,0.22894737,en,1.90000000,,10122590,S,37.07596000,37.36739000,EUROPE-AFRICA,Turkey,MED
Oğuzeli,Oğuzeli,GPE,-0.16081871,0.54093567,en,1.90000000,,6299730,S,36.94718000,37.47868000,EUROPE-AFRICA,Turkey,MED
Çukurova,Çukurova,GPE,0.00000000,0.52631579,en,1.90000000,4010754-1,318458,L,37.00000000,36.00000000,EUROPE-AFRICA,Turkey,MED
Akçamezra,Akçamezra,LOC,-0.16081871,0.54093567,en,1.90000000,,436047,P,36.80583000,37.57361000,EUROPE-AFRICA,Turkey,MED
Viranşehir,Viranşehir,GPE,-0.06469298,0.32127193,en,1.90000000,,298033,P,37.22349000,39.75519000,EUROPE-AFRICA,Turkey,MED
Çeşme,Çeşme,GPE,-0.08552632,0.23026316,en,1.90000000,4140674-6,791950,P,41.69163000,22.48582000,EUROPE-AFRICA,North Macedonia,MED
the Meles Delta,the Meles Delta,LOC,-0.15789474,0.31578947,en,1.90000000,,0,,,,,,
Tuscany,Tuscany,GPE,-0.13815789,0.67763158,en,1.90000000,4017581-9,3176959,P,43.77925000,11.24626000,EUROPE-AFRICA,Italy,MED
The United Arab Emirates,The United Arab Emirates,GPE,0.00000000,0.00000000,en,1.90000000,,8469718,T,25.22231000,55.17181000,ASIA,United Arab Emirates,ARP
Hokkaido island,Hokkaido island,LOC,0.00000000,0.00000000,en,1.90000000,,2130038,T,43.43197000,142.93467000,ASIA,Japan,EAS
Java Island,Java Island,LOC,-0.21052632,0.31578947,en,1.90000000,,1642673,T,-7.49167000,110.00444000,ASIA,Indonesia,SEA
Andalusia,Andalusia,GPE,-0.05526316,0.33947368,en,1.90000000,4054671-8,2510911,P,37.38283000,-5.97317000,EUROPE-AFRICA,Spain,MED
Bangladesh,Bangladesh,GPE,-0.02631579,0.50000000,en,1.90000000,4130903-0,1210997,A,24.00000000,90.00000000,ASIA,Bangladesh,SAS
Sarıkamış,Sarıkamış,GPE,0.21052632,0.28070175,en,1.90000000,4415418-5,601286,H,41.93333000,57.41667000,ASIA,Turkmenistan,WCA
Ahmethacı village,Ahmethacı village,GPE,-0.07894737,0.21929825,en,1.90000000,,0,,,,,,
Erbil,Erbil,GPE,0.00000000,0.33333333,en,1.80000000,4086679-8,95446,P,36.19117000,44.00943000,ASIA,Iraq,WCA
Taurus Mountains,Taurus Mountains,LOC,-0.18174603,0.54391534,en,1.80000000,,298930,T,36.98617000,32.96645000,EUROPE-AFRICA,Turkey,MED
Myanmar,Myanmar,GPE,-0.22222222,0.29629630,en,1.80000000,4069500-1,1327865,A,21.00000000,96.00000000,ASIA,Myanmar,SAS
Afghanistan,Afghanistan,GPE,0.11111111,0.36111111,en,1.80000000,4000687-6,1149361,A,33.00000000,66.00000000,ASIA,Afghanistan,WCA
Sulaymaniyah,Sulaymaniyah,GPE,0.00000000,0.33333333,en,1.80000000,4793408-6,98463,P,35.56496000,45.43290000,ASIA,Iraq,WCA
Albania,Albania,GPE,-0.05555556,0.30555556,en,1.80000000,4001028-4,783754,A,41.00000000,20.00000000,EUROPE-AFRICA,Albania,MED
Foça district,Foça district,LOC,0.22222222,0.72222222,en,1.80000000,,13305513,H,47.73420000,22.98461000,EUROPE,Romania,WCE
Çatak district,Çatak district,LOC,0.00000000,0.00000000,en,1.80000000,,749674,P,41.33850000,32.79532000,EUROPE-AFRICA,Turkey,MED
Icelandic,Icelandic,LOC,-0.33333333,0.55555556,en,1.80000000,,0,,,,,,
Storm,Storm,LOC,0.00000000,0.58823529,en,1.70000000,,3965575,T,-51.43155000,-60.54119000,SOUTH-AMERICA,Falkland Islands,SSA
Wenderson Tsunami,Wenderson Tsunami,LOC,0.00000000,0.00000000,en,1.70000000,,0,,,,,,
Lalahan,Lalahan,GPE,0.07352941,0.39705882,en,1.70000000,,8308635,P,39.96684000,33.11088000,EUROPE-AFRICA,Turkey,MED
Kiev,Kiev,GPE,0.05264833,0.63744589,en,1.70000000,4030522-3,703448,P,50.45466000,30.52380000,EUROPE,Ukraine,WCE
the Sea of ​​Azov,the Sea of ​​Azov,LOC,-0.07352941,0.07352941,en,1.70000000,,0,,,,,,
the Ottoman Empire,the Ottoman Empire,GPE,0.67226891,0.77521008,en,1.70000000,,0,,,,,,
Okinawa,Okinawa,GPE,0.02083333,0.33455882,en,1.70000000,4247457-7,1856035,P,26.21300000,127.67851000,ASIA,Japan,EAS
the Adana Basin',the Adana Basin',LOC,0.00000000,0.47058824,en,1.70000000,,0,,,,,,
the Savrun Fault,the Savrun Fault,LOC,0.13235294,0.26960784,en,1.70000000,,0,,,,,,
Aksaray,Aksaray,GPE,-0.03676471,0.40791317,en,1.70000000,4206312-7,324496,P,38.37255000,34.02537000,EUROPE-AFRICA,Turkey,MED
Santorini Island,Santorini Island,LOC,0.09803922,0.42156863,en,1.70000000,,252919,T,36.40572000,25.45682000,EUROPE-AFRICA,Greece,MED
the Ziraat Turkish Cup,the Ziraat Turkish Cup,GPE,0.00000000,0.36764706,en,1.70000000,,0,,,,,,
Çekmegöl,Çekmegöl,GPE,0.29411765,0.97058824,en,1.70000000,,0,,,,,,
Yilan province,Yilan province,GPE,0.00000000,0.00000000,en,1.70000000,,2033403,P,46.32230000,129.56081000,ASIA,China,ESB
El Niño,El Niño,GPE,0.42941176,0.80588235,en,1.70000000,,12513655,L,-0.90231000,-89.52853000,PACIFIC,Ecuador,EPO
Bayraktar,Bayraktar,GPE,0.35714286,0.64285714,en,1.40000000,,750894,P,40.38734000,40.57677000,ASIA,Turkey,WCA
Kepez district,Kepez district,GPE,0.00000000,0.00000000,en,1.30000000,,146595,P,35.28260000,33.68780000,EUROPE-AFRICA,Cyprus,MED
the Almus Dam,the Almus Dam,LOC,0.10256410,0.35042735,en,1.30000000,,0,,,,,,
the Schengen Area,the Schengen Area,LOC,0.06643357,0.46503497,en,1.30000000,,3007868,L,44.25000000,-1.00000000,EUROPE-AFRICA,France,MED
Diyarbakır,Diyarbakır,GPE,-0.15384615,0.19230769,en,1.30000000,4091063-5,316541,P,37.91363000,40.21721000,ASIA,Turkey,WCA
Serbia,Serbia,GPE,0.07851240,0.50413223,en,1.10000000,4054598-2,6290252,A,44.81892000,20.45998000,EUROPE-AFRICA,Serbia,MED
Baculin,Baculin,GPE,0.00000000,0.00000000,en,1.00000000,,1728694,P,8.51944000,126.33861000,ASIA,Philippines,SEA
Arvtin,Arvtin,GPE,0.00000000,0.00000000,en,1.00000000,,0,,,,,,
Çubuk district,Çubuk district,LOC,0.60000000,0.80000000,en,1.00000000,,8632045,A,40.23985000,33.04706000,EUROPE-AFRICA,Turkey,MED
Kuşadası,Kuşadası,GPE,-0.10000000,0.25000000,en,1.00000000,4339920-4,305359,P,37.86014000,27.25713000,EUROPE-AFRICA,Turkey,MED
Küçükçekmece,Küçükçekmece,GPE,-0.12500000,0.37500000,en,1.00000000,,7732569,A,41.04004000,28.77736000,EUROPE-AFRICA,Turkey,MED
Küçükçekmece Lake,Küçükçekmece Lake,LOC,0.00000000,0.00000000,en,1.00000000,,742393,H,41.01111000,28.74278000,EUROPE-AFRICA,Turkey,MED
Hy-Brasil,Hy-Brasil,GPE,0.00000000,0.00000000,en,1.00000000,,8647167,S,-28.07759000,117.90906000,OCEANIA,Australia,CAU
Central Mediterranean,Central Mediterranean,LOC,-0.04166667,0.23333333,en,1.00000000,,10922504,L,39.17175000,33.52346000,EUROPE-AFRICA,Turkey,MED
Aegean Region,Aegean Region,GPE,0.25000000,0.50000000,en,1.00000000,,10922486,L,38.96622000,28.72059000,EUROPE-AFRICA,Turkey,MED
Bulancak,Bulancak,GPE,-0.06250000,0.22083333,en,1.00000000,1386824895,750317,P,40.93805000,38.23148000,EUROPE-AFRICA,Türkiye,MED
Algeria,Algeria,GPE,0.50000000,0.50000000,en,1.00000000,4001179-3,2589581,A,28.00000000,3.00000000,AFRICA,Algeria,SAH
Lucca,Lucca,GPE,-0.06250000,0.56250000,en,1.00000000,4074354-8,3174530,P,43.84369000,10.50447000,EUROPE-AFRICA,Italy,MED
Costa Rica,Costa Rica,GPE,0.10000000,0.30000000,en,1.00000000,4010618-4,3624060,A,10.00000000,-84.00000000,CENTRAL-AMERICA,Costa Rica,SCA
Tunca River,Tunca River,LOC,-0.50000000,1.00000000,en,1.00000000,,726183,H,41.66667000,26.56667000,EUROPE-AFRICA,Turkey,MED
Zircon,Zircon,LOC,-0.06250000,0.06250000,en,1.00000000,,6047657,H,48.20667000,-73.24528000,NORTH-AMERICA,Canada,ENA
Daday,Daday,GPE,0.38000000,0.67000000,en,1.00000000,,1458768,P,34.41145000,68.40334000,ASIA,Afghanistan,WCA
K.Maraş,K.Maraş,GPE,0.00000000,0.00000000,en,1.00000000,,866160,P,40.17417000,44.54083000,ASIA,Armenia,WCA
Silifke,Silifke,GPE,0.60000000,0.80000000,en,1.00000000,4273285-2,300808,P,36.37778000,33.93444000,EUROPE-AFRICA,Turkey,MED
Eid al-Adha,Eid al-Adha,GPE,0.02500000,0.42500000,en,1.00000000,,0,,,,,,
Haaland,Haaland,GPE,0.50000000,0.50000000,en,1.00000000,,5968708,H,58.00013000,-108.36745000,NORTH-AMERICA,Canada,NWN
Borçka,Borçka,GPE,-0.10833333,0.32500000,en,1.00000000,,8631448,A,41.35940000,41.67631000,ASIA,Turkey,WCA
Köprübaşı district,Köprübaşı district,LOC,0.00000000,0.06666667,en,1.00000000,,9888548,P,38.05940000,27.05153000,EUROPE-AFRICA,Turkey,MED
Borcka,Borcka,GPE,-0.10833333,0.45833333,en,1.00000000,,8631448,A,41.35940000,41.67631000,ASIA,Turkey,WCA
Cleveland,Cleveland,GPE,0.40000000,0.90000000,en,1.00000000,4010292-0,5150529,P,41.49950000,-81.69541000,NORTH-AMERICA,United States,ENA
Laos,Laos,GPE,-0.17500000,0.29166667,en,1.00000000,4034571-3,1655842,A,18.00000000,105.00000000,ASIA,Laos,SEA
Aydos Plateau,Aydos Plateau,LOC,0.60000000,0.80000000,en,1.00000000,,0,,,,,,
Rostov,Rostov,GPE,-0.06250000,0.06250000,en,1.00000000,4122720-7,501175,P,47.21997000,39.70769000,EUROPE,Russia,WCE
the Antarctic Peninsula,the Antarctic Peninsula,LOC,-0.40000000,0.40000000,en,1.00000000,,0,,,,,,
Çamlıhemşin,Çamlıhemşin,GPE,-0.20000000,0.05000000,en,1.00000000,,8631454,A,41.04088000,41.02071000,ASIA,Turkey,WCA
Gölköy district,Gölköy district,LOC,-0.10185185,0.37962963,en,1.00000000,,746631,P,40.08470000,33.33879000,EUROPE-AFRICA,Turkey,MED
the Çatak District Hacıoğlu,the Çatak District Hacıoğlu,GPE,-0.10185185,0.37962963,en,1.00000000,,0,,,,,,
New Delhi,New Delhi,GPE,0.13712121,0.57651515,en,1.00000000,4011371-1,1261481,P,28.62137000,77.21480000,ASIA,India,SAS
Tophane,Tophane,GPE,0.00000000,0.00000000,en,1.00000000,,738702,P,41.02624000,28.98144000,EUROPE-AFRICA,Turkey,MED
Eastern Black Sea Region,Eastern Black Sea Region,LOC,0.05666667,0.44666667,en,1.00000000,,8347465,L,43.85037000,39.38599000,EUROPE-AFRICA,Russia,MED
Düziçi district,Düziçi district,LOC,-0.14166667,0.32500000,en,1.00000000,,0,,,,,,
Tosya district,Tosya district,LOC,0.38000000,0.67000000,en,1.00000000,,0,,,,,,
Ünye district,Ünye district,LOC,-0.20000000,0.50000000,en,1.00000000,,0,,,,,,
Fırtına Creek,Fırtına Creek,LOC,-0.20000000,0.05000000,en,1.00000000,,0,,,,,,
RIZE,RIZE,GPE,-0.20000000,0.05000000,en,1.00000000,,740483,P,41.02083000,40.52194000,ASIA,Turkey,WCA
Çamlıhemşin district,Çamlıhemşin district,LOC,0.00000000,0.00000000,en,1.00000000,,749841,P,41.04765000,40.99996000,ASIA,Turkey,WCA
Ireland,Ireland,GPE,0.00000000,0.00000000,en,1.00000000,4027667-3,2963597,A,53.00000000,-8.00000000,EUROPE,Ireland,NEU
Çaykara,Çaykara,GPE,0.24833333,0.69333333,en,1.00000000,4226806-0,8631456,A,40.74564000,40.24191000,ASIA,Turkey,WCA
Geneva,Geneva,GPE,0.00000000,0.00000000,en,1.00000000,4020137-5,2660646,P,46.20222000,6.14569000,EUROPE,Switzerland,WCE
Damascus,Damascus,GPE,0.00000000,0.00000000,en,1.00000000,4010956-2,170654,P,33.51020000,36.29128000,EUROPE-AFRICA,Syria,MED
Serik district,Serik district,LOC,0.00000000,0.00000000,en,1.00000000,,0,,,,,,
Bahçeli,Bahçeli,GPE,0.00000000,0.00000000,en,1.00000000,,751259,P,40.73122000,38.45978000,EUROPE-AFRICA,Turkey,MED
Guadalajara Stadium,Guadalajara Stadium,GPE,0.13750000,0.48750000,en,1.00000000,,0,,,,,,
Mexico City,Mexico City,GPE,0.00000000,0.00000000,en,1.00000000,4039060-3,3530597,P,19.42847000,-99.12766000,CENTRAL-AMERICA,Mexico,NCA
Karakaya,Karakaya,GPE,-0.06875000,0.54375000,en,1.00000000,,309742,P,36.69555000,31.70845000,EUROPE-AFRICA,Turkey,MED
Muratpaşa,Muratpaşa,GPE,0.00000000,0.50000000,en,1.00000000,,8073974,L,36.86589000,30.75432000,EUROPE-AFRICA,Turkey,MED
Nusaybin,Nusaybin,GPE,0.00000000,0.10000000,en,1.00000000,4117957-2,303750,P,37.07028000,41.21465000,ASIA,Turkey,WCA
Sürsürü District,Sürsürü District,LOC,0.00000000,0.00000000,en,1.00000000,,0,,,,,,
Akoluk,Akoluk,GPE,0.75000000,0.75000000,en,1.00000000,,298492,P,37.77724000,36.01533000,EUROPE-AFRICA,Turkey,MED
Sumbas,Sumbas,GPE,0.00000000,0.00000000,en,1.00000000,,8631471,A,37.46169000,36.02914000,EUROPE-AFRICA,Turkey,MED
Zeydan,Zeydan,GPE,0.26000000,0.26000000,en,1.00000000,,115083,P,31.78177000,48.48785000,ASIA,Iran,WCA
Eskipazar,Eskipazar,GPE,-0.25000000,0.45000000,en,1.00000000,,8632504,A,40.95207000,32.54604000,EUROPE-AFRICA,Turkey,MED
Kremlin,Kremlin,GPE,0.08571429,0.55714286,en,1.00000000,4656347-7,5661173,P,48.56972000,-110.08660000,NORTH-AMERICA,United States,WNA
the Mediterranean Region,the Mediterranean Region,LOC,0.00000000,0.12777778,en,1.00000000,,3007868,L,44.25000000,-1.00000000,EUROPE-AFRICA,France,MED
İstanköy,İstanköy,GPE,-0.12500000,0.37500000,en,1.00000000,4032541-6,259244,T,36.84452000,27.14665000,EUROPE-AFRICA,Greece,MED
Atlantic,Atlantic,LOC,-0.06250000,0.18750000,en,1.00000000,,12110846,L,40.58629000,-76.28807000,NORTH-AMERICA,United States,ENA
Palestine,Palestine,GPE,0.00000000,0.68333333,en,1.00000000,4044381-4,6254930,A,31.92157000,35.20329000,EUROPE-AFRICA,Palestinian Territory,MED
Islamabad,Islamabad,GPE,0.00000000,0.40000000,en,1.00000000,4245023-8,1176615,P,33.72148000,73.04329000,ASIA,Pakistan,WCA
Vienna,Vienna,GPE,0.00000000,0.00000000,en,1.00000000,4066009-6,2761369,P,48.20849000,16.37208000,EUROPE,Austria,WCE
Savaştepe,Savaştepe,GPE,-0.12500000,0.37500000,en,1.00000000,,8632434,A,39.39260000,27.66367000,EUROPE-AFRICA,Turkey,MED
Bandırma,Bandırma,GPE,-0.12500000,0.37500000,en,1.00000000,4690987-4,751077,P,40.35222000,27.97667000,EUROPE-AFRICA,Turkey,MED
Bayburt,Bayburt,GPE,0.00000000,0.00000000,en,1.00000000,4328468-1,750938,P,40.25631000,40.22289000,ASIA,Turkey,WCA
Sarıgöl district,Sarıgöl district,LOC,-0.01666667,0.46666667,en,1.00000000,,0,,,,,,
Alberta,Alberta,GPE,0.05208333,0.45208333,en,1.00000000,4085533-8,5946768,P,53.55014000,-113.46871000,NORTH-AMERICA,Canada,NWN
El Clasico,El Clasico,LOC,0.00000000,1.00000000,en,1.00000000,,0,,,,,,
Vancouver,Vancouver,GPE,-0.20000000,0.25000000,en,1.00000000,4119364-7,6173331,P,49.24966000,-123.11934000,NORTH-AMERICA,Canada,WNA
Mount Hasan,Mount Hasan,LOC,-0.13333333,0.60000000,en,1.00000000,,312495,T,38.12686000,34.16499000,EUROPE-AFRICA,Turkey,MED
Bornova,Bornova,GPE,-0.10833333,0.37500000,en,1.00000000,5164706-0,7732711,A,38.48492000,27.25235000,EUROPE-AFRICA,Turkey,MED
Sarıçam District,Sarıçam District,LOC,-0.20000000,0.50000000,en,1.00000000,,740120,T,41.28333000,32.25000000,EUROPE-AFRICA,Turkey,MED
Kermanshah province,Kermanshah province,GPE,0.00000000,0.00000000,en,1.00000000,,128226,P,34.31417000,47.06500000,ASIA,Iran,WCA
Karaci,Karaci,GPE,0.60000000,0.95000000,en,1.00000000,4097647-6,1174872,P,24.86080000,67.01040000,ASIA,Pakistan,SAS
Lightning,Lightning,LOC,0.00000000,0.00000000,en,1.00000000,,0,,,,,,
Ödemiş,Ödemiş,LOC,0.12500000,0.25000000,en,1.00000000,7720318-5,303700,P,38.22780000,27.96955000,EUROPE-AFRICA,Turkey,MED
İzmir Ödemiş,İzmir Ödemiş,LOC,0.60000000,0.80000000,en,1.00000000,,303700,P,38.22780000,27.96955000,EUROPE-AFRICA,Turkey,MED
Köşk district,Köşk district,LOC,-0.20000000,0.50000000,en,1.00000000,,306847,P,38.24436000,40.61187000,ASIA,Turkey,WCA
Whitecourt,Whitecourt,GPE,0.05208333,0.45208333,en,1.00000000,,6301498,S,54.14389000,-115.78667000,NORTH-AMERICA,Canada,NWN
Alibeyçağıllı District,Alibeyçağıllı District,GPE,-0.10000000,0.60000000,en,1.00000000,,0,,,,,,
Samar Island,Samar Island,GPE,0.00000000,0.00000000,en,1.00000000,,1690650,T,11.93353000,125.03403000,ASIA,Philippines,SEA
Pazar,Pazar,GPE,0.33750000,0.63750000,en,1.00000000,4117937-7,787595,P,43.13667000,20.51222000,EUROPE-AFRICA,Serbia,MED
Bursa Sea Buses,Bursa Sea Buses,LOC,-0.12500000,0.37500000,en,1.00000000,,0,,,,,,
Nebi village,Nebi village,GPE,-0.14166667,0.32500000,en,1.00000000,,0,,,,,,
Sındırgı district,Sındırgı district,LOC,0.00000000,0.00000000,en,1.00000000,,146078,P,35.15706000,33.70106000,EUROPE-AFRICA,Cyprus,MED
Yemen,Yemen,GPE,0.00000000,0.00000000,en,1.00000000,4073009-8,69543,A,15.50000000,47.50000000,ASIA,Yemen,ARP
Sözbilir,Sözbilir,GPE,0.00000000,0.00000000,en,1.00000000,,0,,,,,,
Memphis,Memphis,GPE,-0.06250000,0.18750000,en,1.00000000,4115092-2,4641239,P,35.14953000,-90.04898000,NORTH-AMERICA,United States,CNA
Şarköy,Şarköy,GPE,0.00000000,0.00000000,en,1.00000000,,8632560,A,40.62513000,27.10069000,EUROPE-AFRICA,Turkey,MED
Bozüyük district,Bozüyük district,LOC,-0.20000000,0.50000000,en,1.00000000,,0,,,,,,
the South Aegean,the South Aegean,LOC,-0.08333333,0.71666667,en,1.00000000,,11962665,S,37.30904000,26.54747000,EUROPE-AFRICA,Greece,MED
The Yeşilırmak River,The Yeşilırmak River,LOC,-0.10000000,0.10000000,en,1.00000000,,0,,,,,,
Avcılar,Avcılar,GPE,-0.12500000,0.37500000,en,1.00000000,,7732454,A,41.02355000,28.71860000,EUROPE-AFRICA,Turkey,MED
Yeşilırmak,Yeşilırmak,GPE,0.00000000,0.00000000,en,1.00000000,1304162648,737565,H,41.38138000,36.65949000,EUROPE-AFRICA,Türkiye,MED
Niscemi,Niscemi,GPE,-0.05625000,0.44375000,en,1.00000000,4461093-2,2524006,P,37.14649000,14.39381000,EUROPE-AFRICA,Italy,MED
Aksu,Aksu,GPE,0.39166667,0.59166667,en,1.00000000,7534575-4,1529660,P,41.18418000,80.27921000,ASIA,China,ECA
Gümbet Bay,Gümbet Bay,LOC,0.05833333,0.45833333,en,1.00000000,,9889401,H,37.02918000,27.40320000,EUROPE-AFRICA,Turkey,MED
ANKARA,ANKARA,GPE,-0.17500000,0.49285714,en,1.00000000,4002075-7,323786,P,39.91987000,32.85427000,EUROPE-AFRICA,Turkey,MED
DRC,DRC,GPE,0.00000000,0.00000000,en,1.00000000,4067357-1,203312,A,-2.50000000,23.50000000,AFRICA,Democratic Republic of the Congo,CAF
the Democratic Republic of the Congo,the Democratic Republic of the Congo,GPE,0.00000000,0.00000000,en,1.00000000,4067357-1,203312,A,-2.50000000,23.50000000,AFRICA,Democratic Republic of the Congo,CAF
Ituri,Ituri,LOC,0.00000000,0.00000000,en,1.00000000,7572755-9,215709,A,1.56667000,30.25000000,AFRICA,Democratic Republic of the Congo,SEAF
the Democratic Republic of Congo,the Democratic Republic of Congo,GPE,0.00000000,0.00000000,en,1.00000000,4067357-1,203312,A,-2.50000000,23.50000000,AFRICA,Democratic Republic of the Congo,CAF
Aksu Stream,Aksu Stream,GPE,0.50000000,0.50000000,en,1.00000000,,1512006,H,43.34135000,73.96791000,ASIA,Kazakhstan,WCA
Ofunato,Ofunato,GPE,0.10000000,0.40000000,en,1.00000000,,2111530,P,39.07167000,141.71667000,ASIA,Japan,EAS
Qamishli,Qamishli,GPE,-0.80000000,1.00000000,en,1.00000000,,173378,A,36.85071000,41.17243000,ASIA,Syria,WCA
Alaşehir,Alaşehir,GPE,-0.30000000,0.40000000,en,1.00000000,4759490-1,324172,P,38.35083000,28.51718000,EUROPE-AFRICA,Turkey,MED
Milwaukee,Milwaukee,GPE,-0.06250000,0.18750000,en,1.00000000,4115155-0,5263045,P,43.03890000,-87.90647000,NORTH-AMERICA,United States,ENA
Konyaaltı Beach,Konyaaltı Beach,GPE,-0.12500000,0.37500000,en,1.00000000,,8073904,T,36.86501000,30.64433000,EUROPE-AFRICA,Turkey,MED
Burhaniye,Burhaniye,GPE,0.00000000,0.00000000,en,1.00000000,,8632443,A,39.51095000,26.97863000,EUROPE-AFRICA,Turkey,MED
NICOSIA,NICOSIA,GPE,0.70000000,0.90000000,en,1.00000000,4075406-6,146268,P,35.17284000,33.35397000,EUROPE-AFRICA,Cyprus,MED
the District Governor,the District Governor,LOC,0.28333333,0.53333333,en,1.00000000,,3572673,L,25.20000000,-76.25000000,NORTH-AMERICA,Bahamas,ENA
Santorini,Santorini,GPE,0.00000000,0.40000000,en,1.00000000,,252919,T,36.40572000,25.45682000,EUROPE-AFRICA,Greece,MED
Demirel,Demirel,GPE,0.00000000,0.00000000,en,1.00000000,,6299770,S,37.85542000,30.36840000,EUROPE-AFRICA,Turkey,MED
Cevdetiye,Cevdetiye,GPE,-0.45714286,0.67857143,en,1.00000000,,318729,P,37.13667000,36.19639000,EUROPE-AFRICA,Turkey,MED
the Zincirlikuyu underpass,the Zincirlikuyu underpass,LOC,-0.16250000,0.43750000,en,1.00000000,,0,,,,,,
Hualien province,Hualien province,GPE,0.00000000,0.00000000,en,1.00000000,,0,,,,,,
Ödemiş district,Ödemiş district,LOC,0.00000000,0.00000000,en,1.00000000,,0,,,,,,
Greenland,Greenland,GPE,-0.24375000,0.44375000,en,1.00000000,4022113-1,3425505,A,72.00000000,-40.00000000,POLAR,Greenland,GIC
Lice,Lice,GPE,0.00000000,0.00000000,en,1.00000000,1268864064,3261195,L,43.42889000,17.97752000,EUROPE-AFRICA,Bosnia and Herzegovina,MED
Bahçelievler Çavuşpaşa,Bahçelievler Çavuşpaşa,GPE,0.00000000,0.00000000,en,1.00000000,,0,,,,,,
the Konya Basin,the Konya Basin,LOC,0.00000000,0.00000000,en,1.00000000,,0,,,,,,
Kashiwazaki-Kariwa,Kashiwazaki-Kariwa,LOC,0.00000000,0.00000000,en,1.00000000,,7733345,S,37.42968000,138.59802000,ASIA,Japan,EAS
Bethlehem,Bethlehem,GPE,0.05000000,0.20000000,en,1.00000000,4088200-7,5180225,P,40.62593000,-75.37046000,NORTH-AMERICA,United States,ENA
Kozan district,Kozan district,LOC,0.00000000,0.00000000,en,1.00000000,,146400,P,34.92210000,33.62794000,EUROPE-AFRICA,Cyprus,MED
Solomon,Solomon,GPE,0.05000000,0.20000000,en,1.00000000,4265796-9,2103350,A,-8.00000000,159.00000000,PACIFIC,Solomon Islands,EPO
Perth,Perth,GPE,-0.12500000,1.00000000,en,1.00000000,4232458-0,2063523,P,-31.95224000,115.86140000,OCEANIA,Australia,SAU
Nişantaşı,Nişantaşı,GPE,0.00000000,0.00000000,en,1.00000000,,741298,P,40.35734000,40.04593000,ASIA,Turkey,WCA
the Po River,the Po River,LOC,-0.12500000,0.37500000,en,1.00000000,,4440975,P,30.52556000,-89.67788000,NORTH-AMERICA,United States,ENA
Sicaya,Sicaya,GPE,0.00000000,0.00000000,en,1.00000000,,3904354,P,-17.79964000,-66.33421000,SOUTH-AMERICA,Bolivia,SAM
the East Asian,the East Asian,LOC,0.00000000,0.00000000,en,1.00000000,,12238570,P,21.11521000,93.00227000,ASIA,Myanmar,SAS
the North Pole,the North Pole,LOC,0.00000000,0.00000000,en,1.00000000,7605041-5,5870294,P,64.75111000,-147.34944000,NORTH-AMERICA,United States,NWN
Yilan,Yilan,GPE,0.00000000,0.00000000,en,1.00000000,4407796-8,1674199,P,24.75700000,121.75300000,ASIA,Taiwan,EAS
Leros Island,Leros Island,LOC,0.10000000,0.40000000,en,1.00000000,,258478,T,37.14667000,26.84250000,EUROPE-AFRICA,Greece,MED
Trabzon Atasu Dam,Trabzon Atasu Dam,LOC,-0.03125000,0.45000000,en,1.00000000,,10997218,S,40.85498000,39.70164000,EUROPE-AFRICA,Turkey,MED
Bornova district,Bornova district,LOC,0.00000000,0.00000000,en,1.00000000,,7732711,A,38.48492000,27.25235000,EUROPE-AFRICA,Turkey,MED
Görür,Görür,GPE,0.06250000,0.50000000,en,1.00000000,,0,,,,,,
Cide,Cide,LOC,-0.12500000,0.37500000,en,1.00000000,4460675-8,743882,P,41.37805000,33.77528000,EUROPE-AFRICA,Turkey,MED
Üzümlü District,Üzümlü District,LOC,0.21666667,0.47777778,en,1.00000000,,10354330,P,38.21179000,39.91994000,EUROPE-AFRICA,Turkey,MED
the Walloon Region,the Walloon Region,LOC,-0.06250000,0.23750000,en,1.00000000,,5013973,P,45.26612000,-84.93366000,NORTH-AMERICA,United States,ENA
Bayramiç district,Bayramiç district,LOC,0.00000000,0.00000000,en,1.00000000,,0,,,,,,
Mudanya district,Mudanya district,LOC,0.00000000,0.00000000,en,1.00000000,,7732334,A,40.33342000,28.77218000,EUROPE-AFRICA,Turkey,MED
Banaz,Banaz,GPE,0.00000000,0.00000000,en,1.00000000,,751079,P,40.80947000,31.73453000,EUROPE-AFRICA,Turkey,MED
Susuz,Susuz,GPE,0.00000000,0.00000000,en,1.00000000,,739195,P,41.31010000,34.96495000,EUROPE-AFRICA,Turkey,MED
the Indian Ocean Dipole,the Indian Ocean Dipole,LOC,0.00000000,0.00000000,en,1.00000000,,0,,,,,,
Kemer district,Kemer district,LOC,0.00000000,0.00000000,en,1.00000000,,831230,T,47.44972000,28.17806000,EUROPE,Moldova,WCE
Kuyucak district,Kuyucak district,LOC,0.00000000,0.00000000,en,1.00000000,,741970,P,40.27983000,33.30967000,EUROPE-AFRICA,Turkey,MED
Aydin,Aydin,GPE,0.00000000,0.00000000,en,1.00000000,,322830,P,37.84501000,27.83963000,EUROPE-AFRICA,Turkey,MED
Kula,Kula,GPE,-0.06250000,0.30000000,en,1.00000000,,729824,A,43.90000000,22.56667000,EUROPE-AFRICA,Bulgaria,MED
Meriç district,Meriç district,LOC,0.00000000,0.00000000,en,1.00000000,,146289,P,35.17505000,33.55079000,EUROPE-AFRICA,Cyprus,MED
Manila,Manila,GPE,-0.10000000,0.10000000,en,1.00000000,4037344-7,1701668,P,14.60420000,120.98220000,ASIA,Philippines,SEA
The Black Sea,The Black Sea,LOC,-0.00555556,0.44722222,en,1.00000000,,5762871,S,44.47971000,-103.78076000,NORTH-AMERICA,United States,CNA
Ismailia,Ismailia,LOC,0.00000000,0.00000000,en,1.00000000,4370186-3,361055,P,30.60427000,32.27225000,EUROPE-AFRICA,Egypt,MED
the Inner Aegean,the Inner Aegean,LOC,0.00000000,0.16666667,en,1.00000000,,0,,,,,,
Kumamoto Prefecture,Kumamoto Prefecture,LOC,0.00000000,0.00000000,en,1.00000000,,1857892,T,32.42944000,130.99099000,ASIA,Japan,EAS
Susurluk,Susurluk,GPE,0.13636364,0.50000000,en,1.00000000,4118916-4,8632439,A,39.92336000,28.14376000,EUROPE-AFRICA,Turkey,MED
Çine district,Çine district,LOC,0.00000000,0.00000000,en,1.00000000,,1434964,T,33.32715000,69.17532000,ASIA,Afghanistan,WCA
vineyards,vineyards,LOC,0.00000000,0.00000000,en,1.00000000,,4176527,P,26.22373000,-81.72798000,NORTH-AMERICA,United States,ENA
Çine,Çine,GPE,0.32500000,0.51666667,en,1.00000000,7715758-8,2800298,P,50.29449000,5.10015000,EUROPE,Belgium,WCE
Midtjylland,Midtjylland,GPE,0.17045455,0.45454545,en,1.00000000,4068838-0,2624652,P,56.15674000,10.21076000,EUROPE,Denmark,NEU
Futagawa,Futagawa,GPE,0.21666667,0.36666667,en,1.00000000,,7557801,S,34.72579000,137.43887000,ASIA,Japan,EAS
Sinop,Sinop,GPE,0.02708333,0.39791667,en,1.00000000,4118672-2,739600,P,42.02683000,35.16253000,EUROPE-AFRICA,Turkey,MED
the Kadıköy Coast,the Kadıköy Coast,LOC,0.25000000,0.33333333,en,1.00000000,,0,,,,,,
Fethiye-Antalya,Fethiye-Antalya,LOC,-0.10000000,0.10000000,en,1.00000000,,0,,,,,,
Ali Mountain,Ali Mountain,LOC,0.00000000,0.00000000,en,1.00000000,,225040,T,11.09139000,42.72472000,AFRICA,Djibouti,NEAF
MasterChef Türkiye,MasterChef Türkiye,GPE,0.15000000,0.40000000,en,1.00000000,,0,,,,,,
Eşme district,Eşme district,LOC,-0.10000000,0.60000000,en,1.00000000,,315184,P,38.03583000,40.89543000,ASIA,Turkey,WCA
the Flemish Region,the Flemish Region,LOC,-0.06250000,0.23750000,en,1.00000000,,4795639,T,18.37968000,-65.06182000,CENTRAL-AMERICA,U.S. Virgin Islands,CAR
Buca,Buca,GPE,0.00000000,0.00000000,en,1.00000000,4412400-4,3338234,L,42.92250000,19.87944000,EUROPE-AFRICA,Montenegro,MED
the Gulf of Izmit,the Gulf of Izmit,LOC,0.40000000,1.00000000,en,1.00000000,,0,,,,,,
Taşkesen village,Taşkesen village,GPE,-0.12500000,0.37500000,en,1.00000000,,0,,,,,,
Tuzla,Tuzla,GPE,0.00000000,0.00000000,en,1.00000000,4471344-7,3188582,P,44.53842000,18.66709000,EUROPE-AFRICA,Bosnia and Herzegovina,MED
Kachin,Kachin,GPE,-0.10000000,0.23333333,en,1.00000000,7715718-7,1321702,A,26.00000000,97.50000000,ASIA,Myanmar,SAS
Midwest,Midwest,LOC,-0.25000000,0.45000000,en,1.00000000,4074909-5,12212748,L,43.61327000,-88.28917000,NORTH-AMERICA,United States,ENA
Eiffel,Eiffel,GPE,0.60000000,0.72500000,en,1.00000000,,8286635,S,48.85869000,2.29204000,EUROPE,France,WCE
Sante,Sante,GPE,0.25000000,0.28333333,en,1.00000000,,2364233,P,9.48333000,0.93333000,AFRICA,Togo,WAF
the İkiyaka Mountains,the İkiyaka Mountains,LOC,-0.14583333,0.52083333,en,1.00000000,,0,,,,,,
Sat Lakes,Sat Lakes,LOC,-0.14583333,0.52083333,en,1.00000000,,7258847,P,40.32804000,-76.40644000,NORTH-AMERICA,United States,ENA
Southeastern Anatolia Region,Southeastern Anatolia Region,LOC,0.00000000,0.00000000,en,1.00000000,,10922506,L,38.10898000,41.32862000,ASIA,Turkey,WCA
Karaçoban,Karaçoban,LOC,0.18750000,0.43750000,en,1.00000000,,8631388,A,39.35157000,42.10970000,ASIA,Turkey,WCA
Göle,Göle,GPE,0.18750000,0.43750000,en,1.00000000,,746643,P,40.78746000,42.60603000,ASIA,Turkey,WCA
Lugano,Lugano,GPE,0.00000000,0.00000000,en,1.00000000,4099915-4,3422064,T,72.80000000,-27.46667000,POLAR,Greenland,GIC
Typhoon Mekkhala,Typhoon Mekkhala,LOC,0.07500000,0.41500000,en,1.00000000,,0,,,,,,
Diyadin,Diyadin,GPE,0.04444444,0.54444444,en,1.00000000,,8630865,A,39.54880000,43.67490000,ASIA,Turkey,WCA
Hafik,Hafik,GPE,0.50000000,0.50000000,en,1.00000000,,8631665,A,39.86693000,37.39720000,EUROPE-AFRICA,Turkey,MED
Yamanashi province,Yamanashi province,GPE,0.00000000,0.00000000,en,1.00000000,,0,,,,,,
South Asia,South Asia,LOC,-0.20000000,0.50000000,en,1.00000000,,0,,,,,,
Chiba province,Chiba province,GPE,0.00000000,0.00000000,en,1.00000000,,10794990,L,32.40994000,-7.92215000,EUROPE-AFRICA,Morocco,MED
Türkmenli Pond,Türkmenli Pond,LOC,-0.06250000,0.31250000,en,1.00000000,,0,,,,,,
South America,South America,LOC,-0.50000000,1.00000000,en,1.00000000,,0,,,,,,
Tekirdağ,Tekirdağ,GPE,-0.06250000,0.31250000,en,1.00000000,4412679-7,738927,P,40.97810000,27.51101000,EUROPE-AFRICA,Turkey,MED
Marmaraereğlisi district,Marmaraereğlisi district,LOC,-0.06250000,0.31250000,en,1.00000000,,0,,,,,,
UK,UK,GPE,0.00000000,0.00000000,en,1.00000000,4022153-2,2635167,A,54.75844000,-2.69531000,EUROPE,United Kingdom,NEU
Bolivia,Bolivia,GPE,0.14285714,0.26785714,en,1.00000000,4007607-6,3923057,A,-17.00000000,-65.00000000,SOUTH-AMERICA,Bolivia,SAM
Latin America,Latin America,LOC,0.14285714,0.26785714,en,1.00000000,,0,,,,,,
Baskil district,Baskil district,LOC,0.50000000,0.90000000,en,1.00000000,,0,,,,,,
Marmara Ereğlisi,Marmara Ereğlisi,GPE,0.07314815,0.38796296,en,1.00000000,7758055-2,741725,P,40.96907000,27.95503000,EUROPE-AFRICA,Turkey,MED
Punjab province,Punjab province,GPE,-0.16250000,0.43750000,en,1.00000000,4047850-6,1167710,A,30.85000000,72.31667000,ASIA,Pakistan,WCA
the Sahaflar Bazaar,the Sahaflar Bazaar,LOC,-0.12500000,0.37500000,en,1.00000000,,0,,,,,,
Continental Europe,Continental Europe,LOC,0.00000000,0.06666667,en,1.00000000,,3034723,L,43.25000000,-1.00000000,EUROPE-AFRICA,France,MED
Zhejiang,Zhejiang,GPE,-0.13125000,0.54375000,en,1.00000000,4078436-8,1784764,A,29.16667000,120.00000000,ASIA,China,EAS
Cide district,Cide district,LOC,-0.14166667,0.32500000,en,1.00000000,,6960552,P,28.43013000,101.03879000,ASIA,China,EAS
Munich Municipality,Munich Municipality,GPE,-0.12500000,0.37500000,en,1.00000000,,0,,,,,,
Tin Araban,Tin Araban,LOC,0.00000000,0.00000000,en,1.00000000,,0,,,,,,
FLA,FLA,GPE,0.00000000,0.00000000,en,1.00000000,,6453361,A,60.42910000,9.46611000,EUROPE,Norway,NEU
the United Kingdom,the United Kingdom,GPE,-0.12500000,0.37500000,en,1.00000000,4022153-2,2635167,A,54.75844000,-2.69531000,EUROPE,United Kingdom,NEU
the Netherlands,the Netherlands,GPE,-0.12500000,0.37500000,en,1.00000000,4042203-3,2750405,A,52.25000000,5.75000000,EUROPE,The Netherlands,NEU
Southern Aegean,Southern Aegean,LOC,-0.09166667,0.23333333,en,1.00000000,,6697808,A,36.16726000,27.90603000,EUROPE-AFRICA,Greece,MED
Johannes,Johannes,GPE,-0.33333333,0.66666667,en,1.00000000,,3422777,L,83.33333000,-32.00000000,POLAR,Greenland,GIC
Korun,Korun,LOC,0.00000000,0.00000000,en,1.00000000,4098904-5,3119841,P,43.37135000,-8.39600000,EUROPE-AFRICA,Spain,MED
Maltepe,Maltepe,GPE,0.20000000,0.20000000,en,1.00000000,7861282-2,741763,P,40.93567000,29.15507000,EUROPE-AFRICA,Turkey,MED
Wenzhou,Wenzhou,GPE,-0.13125000,0.54375000,en,1.00000000,6144980-5,1791388,P,27.99942000,120.66682000,ASIA,China,EAS
Fujian,Fujian,GPE,-0.13125000,0.54375000,en,1.00000000,4220847-6,1811017,A,26.25000000,118.00000000,ASIA,China,EAS
Siirt,Siirt,GPE,0.10000000,0.66666667,en,1.00000000,4262629-8,300822,P,37.92930000,41.94134000,ASIA,Turkey,WCA
Üsküdar,Üsküdar,GPE,-0.12500000,0.37500000,en,1.00000000,4122696-3,738329,P,41.02274000,29.01366000,EUROPE-AFRICA,Türkiye,MED
Northern Europe,Northern Europe,LOC,-0.33333333,0.66666667,en,1.00000000,,0,,,,,,
Eldivan district,Eldivan district,LOC,-0.06250000,0.22083333,en,1.00000000,,0,,,,,,
Inusa,Inusa,GPE,0.10000000,0.40000000,en,1.00000000,,2337471,P,8.73494000,12.52044000,AFRICA,Nigeria,CAF
Almeria,Almeria,GPE,-0.30000000,0.40000000,en,1.00000000,4084986-7,2521886,P,36.83814000,-2.45974000,EUROPE-AFRICA,Spain,MED
Finland,Finland,GPE,-0.12500000,0.37500000,en,1.00000000,4017243-0,660013,A,64.00000000,26.00000000,EUROPE,Finland,NEU
the Sardinia Island,the Sardinia Island,LOC,-0.06250000,0.50000000,en,1.00000000,,0,,,,,,
Piedmont,Piedmont,GPE,-0.06250000,0.50000000,en,1.00000000,,5382514,P,37.82437000,-122.23163000,NORTH-AMERICA,United States,WNA
Bahrain,Bahrain,GPE,-0.10000000,0.10000000,en,1.00000000,4004268-6,290291,A,26.03333000,50.55000000,ASIA,Bahrain,ARP
Geçitli village,Geçitli village,LOC,0.40000000,0.87500000,en,1.00000000,,0,,,,,,
Çiğli,Çiğli,GPE,0.00000000,0.00000000,en,1.00000000,,6299751,S,38.51302000,27.01005000,EUROPE-AFRICA,Turkey,MED
Phetchaburi,Phetchaburi,GPE,0.20833333,0.25000000,en,1.00000000,4680596-5,1149698,P,13.11189000,99.94467000,ASIA,Thailand,SEA
Üsküdar Sahaflar Bazaar,Üsküdar Sahaflar Bazaar,GPE,-0.20000000,0.50000000,en,1.00000000,,0,,,,,,
Pisa,Pisa,GPE,-0.06250000,0.56250000,en,1.00000000,4046151-8,3170647,P,43.70853000,10.40360000,EUROPE-AFRICA,Italy,MED
the Sea of,the Sea of,LOC,0.05000000,0.50000000,en,1.00000000,4051667-2,3448439,P,-23.54750000,-46.63611000,SOUTH-AMERICA,Brazil,SES
the Ardanuç district,the Ardanuç district,LOC,0.09166667,0.55833333,en,1.00000000,,0,,,,,,
South East,South East,LOC,-0.03000000,0.42000000,en,1.00000000,,12217076,L,34.60739000,-86.97977000,NORTH-AMERICA,United States,ENA
the Thwaites Glacier,the Thwaites Glacier,LOC,0.00000000,0.00000000,en,1.00000000,,0,,,,,,
Efeler,Efeler,GPE,-0.12500000,0.37500000,en,1.00000000,,747709,P,41.44081000,41.92631000,ASIA,Turkey,WCA
the Southern Pacific Ocean,the Southern Pacific Ocean,LOC,0.00000000,0.00000000,en,1.00000000,,5378771,P,33.19587000,-117.37948000,CENTRAL-AMERICA,United States,NCA
Puglia,Puglia,GPE,0.15500000,0.57500000,en,1.00000000,4085139-4,3180792,P,41.21954000,16.06768000,EUROPE-AFRICA,Italy,MED
Koçbeyi,Koçbeyi,GPE,-0.20000000,0.50000000,en,1.00000000,,306874,P,37.40521000,42.19012000,ASIA,Turkey,WCA
Cizre district,Cizre district,LOC,-0.10000000,0.50000000,en,1.00000000,,0,,,,,,
Gölyaka,Gölyaka,GPE,-0.20000000,0.50000000,en,1.00000000,,8632516,A,40.78644000,31.00276000,EUROPE-AFRICA,Turkey,MED
Güneyşığı,Güneyşığı,GPE,0.46666667,0.58333333,en,1.00000000,,0,,,,,,
Cairo,Cairo,GPE,-0.10625000,0.49375000,en,1.00000000,4029236-8,360630,P,30.06263000,31.24967000,EUROPE-AFRICA,Egypt,MED
Türkoğlu,Türkoğlu,GPE,-0.35357143,0.61428571,en,1.00000000,,8631475,A,37.38417000,36.84626000,EUROPE-AFRICA,Turkey,MED
Çekirge,Çekirge,GPE,0.00000000,0.00000000,en,1.00000000,7862131-8,318943,P,39.16889000,32.53389000,EUROPE-AFRICA,Turkey,MED
Osmangazi,Osmangazi,GPE,0.00000000,0.00000000,en,1.00000000,6078721-1,750269,P,40.19559000,29.06013000,EUROPE-AFRICA,Turkey,MED
Malacca,Malacca,GPE,0.30000000,0.50000000,en,1.00000000,4037200-5,1734759,P,2.19600000,102.24050000,ASIA,Malaysia,SEA
Ladakh,Ladakh,GPE,0.50000000,0.50000000,en,1.00000000,4073939-9,1265343,A,34.33333000,77.41667000,ASIA,India,TIB
Coastal Aegean,Coastal Aegean,LOC,0.00000000,0.05000000,en,1.00000000,,0,,,,,,
Kosovo,Kosovo,GPE,0.00000000,0.50000000,en,1.00000000,4032571-4,831053,A,42.58333000,20.91667000,EUROPE-AFRICA,Kosovo,MED
Trabzonspor,Trabzonspor,GPE,0.33333333,0.66666667,en,1.00000000,,0,,,,,,
Abu Dhabi,Abu Dhabi,GPE,0.00000000,1.00000000,en,1.00000000,4000287-1,292968,P,24.45118000,54.39696000,ASIA,United Arab Emirates,ARP
Northern Aegean,Northern Aegean,LOC,0.05555556,0.52222222,en,1.00000000,,5882448,H,50.82143000,-94.75741000,NORTH-AMERICA,Canada,NEN
Far City,Far City,GPE,0.05000000,1.00000000,en,1.00000000,,5116917,P,40.60538000,-73.75513000,NORTH-AMERICA,United States,ENA
The Far City,The Far City,GPE,0.05000000,0.53333333,en,1.00000000,,5116917,P,40.60538000,-73.75513000,NORTH-AMERICA,United States,ENA
the Gulf of Izmir,the Gulf of Izmir,LOC,0.03611111,0.53611111,en,1.00000000,,0,,,,,,
Alacabel,Alacabel,GPE,0.00000000,0.25000000,en,1.00000000,,13158773,T,36.58093000,32.30649000,EUROPE-AFRICA,Turkey,MED
Gölmarmara,Gölmarmara,GPE,0.00000000,0.00000000,en,1.00000000,,8632413,A,38.72377000,27.92145000,EUROPE-AFRICA,Turkey,MED
Lake Tahoe,Lake Tahoe,LOC,0.05416667,0.32222222,en,1.00000000,4366043-5,5397664,P,38.93324000,-119.98435000,NORTH-AMERICA,United States,WNA
Boston,Boston,GPE,0.11174242,0.56969697,en,1.00000000,4007840-1,4930956,P,42.35843000,-71.05977000,NORTH-AMERICA,United States,ENA
Selçuk,Selçuk,GPE,-0.90000000,1.00000000,en,1.00000000,7616791-4,8632426,A,37.95765000,27.38072000,EUROPE-AFRICA,Turkey,MED
Gökova Gulf,Gökova Gulf,LOC,0.10666667,0.60666667,en,1.00000000,,314209,H,36.94873000,27.97939000,EUROPE-AFRICA,Türkiye,MED
Ahmet,Ahmet,LOC,-1.00000000,1.00000000,en,1.00000000,,11403179,T,41.72213000,24.12470000,EUROPE-AFRICA,Bulgaria,MED
Akbük Bay,Akbük Bay,GPE,0.10666667,0.60666667,en,1.00000000,,324992,H,37.37739000,27.38693000,EUROPE-AFRICA,Türkiye,MED
Marmara Region,Marmara Region,GPE,-0.02083333,0.49583333,en,1.00000000,,10922497,L,40.62794000,27.68408000,EUROPE-AFRICA,Turkey,MED
the Hanke Mountains,the Hanke Mountains,LOC,0.16666667,0.78333333,en,1.00000000,,0,,,,,,
Osmaneli district,Osmaneli district,LOC,0.01250000,0.51250000,en,1.00000000,,8041701,P,41.14099000,31.92747000,EUROPE-AFRICA,Turkey,MED
Çanakçı village,Çanakçı village,GPE,-0.01250000,0.38750000,en,1.00000000,,0,,,,,,
Tut district,Tut district,LOC,-0.01250000,0.38750000,en,1.00000000,,1121324,P,37.17137000,69.06196000,ASIA,Afghanistan,WCA
the Göksu River,the Göksu River,LOC,0.00000000,0.00000000,en,1.00000000,,0,,,,,,
Menemen,Menemen,GPE,-0.16250000,0.43750000,en,1.00000000,4282093-5,304612,P,38.60754000,27.06938000,EUROPE-AFRICA,Turkey,MED
Serik,Serik,GPE,0.07500000,0.60000000,en,1.00000000,,301101,P,36.91748000,31.10463000,EUROPE-AFRICA,Turkey,MED
Pozantı Municipality,Pozantı Municipality,GPE,0.00000000,0.00000000,en,1.00000000,,0,,,,,,
Cyclades,Cyclades,GPE,-0.10000000,0.25000000,en,1.00000000,,259820,T,37.16265000,25.01747000,EUROPE-AFRICA,Greece,MED
Far East Asia,Far East Asia,LOC,0.01666667,0.53333333,en,1.00000000,,275326,T,34.30278000,36.06333000,EUROPE-AFRICA,Lebanon,MED
the Far East,the Far East,LOC,0.10000000,1.00000000,en,1.00000000,,5116917,P,40.60538000,-73.75513000,NORTH-AMERICA,United States,ENA
Döşemealtı,Döşemealtı,GPE,0.07500000,0.60000000,en,1.00000000,,9535332,A,37.02366000,30.59040000,EUROPE-AFRICA,Turkey,MED
Western Black Sea Region,Western Black Sea Region,LOC,-0.05555556,0.14444444,en,1.00000000,,10922499,L,41.25206000,36.96073000,EUROPE-AFRICA,Turkey,MED
Eyyübiye,Eyyübiye,LOC,0.10000000,0.40000000,en,1.00000000,,9550246,A,37.14200000,38.78600000,EUROPE-AFRICA,Turkey,MED
Dams,Dams,LOC,-0.20000000,0.50000000,en,1.00000000,,8191244,S,-30.18583000,138.23740000,OCEANIA,Australia,SAU
Şehzadeler,Şehzadeler,GPE,0.15833333,0.39166667,en,1.00000000,,304827,P,38.61202000,27.42647000,EUROPE-AFRICA,Turkey,MED
Pezeşkiyan,Pezeşkiyan,GPE,0.35000000,0.55000000,en,1.00000000,,0,,,,,,
Büyükdere,Büyükdere,GPE,-0.12500000,0.37500000,en,1.00000000,,320249,P,37.05499000,40.45905000,ASIA,Turkey,WCA
Enez,Enez,GPE,-0.12500000,0.37500000,en,1.00000000,4044660-8,2988507,P,48.85341000,2.34880000,EUROPE,France,WCE
Diyadin district,Diyadin district,LOC,0.00000000,0.00000000,en,1.00000000,,8630865,A,39.54880000,43.67490000,ASIA,Turkey,WCA
Saros Gulf,Saros Gulf,LOC,-0.12500000,0.37500000,en,1.00000000,,739979,H,40.50000000,26.33333000,EUROPE-AFRICA,Türkiye,MED
Kuşburnu Village,Kuşburnu Village,GPE,0.00000000,0.00000000,en,1.00000000,,0,,,,,,
Dereli Thermal Springs,Dereli Thermal Springs,GPE,-0.10000000,1.00000000,en,1.00000000,,0,,,,,,
Emet district's,Emet district's,LOC,-0.10000000,1.00000000,en,1.00000000,,0,,,,,,
Tavşanlı district,Tavşanlı district,LOC,-0.10000000,1.00000000,en,1.00000000,,0,,,,,,
Emet,Emet,LOC,0.00000000,0.00000000,en,1.00000000,138284347X,8632457,A,39.35219000,29.27431000,EUROPE-AFRICA,Turkey,MED
Gölcük Nature Park,Gölcük Nature Park,GPE,0.40000000,0.37500000,en,1.00000000,,0,,,,,,
Gölcük,Gölcük,GPE,0.00000000,0.00000000,en,1.00000000,4734027-7,8632548,A,40.72010000,29.82031000,EUROPE-AFRICA,Türkiye,MED
Abant,Abant,GPE,0.00000000,0.00000000,en,1.00000000,4574274-1,752922,H,40.60500000,31.27972000,EUROPE-AFRICA,Turkey,MED
Pepecura,Pepecura,GPE,-0.16666667,0.43333333,en,1.00000000,,0,,,,,,
Reşadiye,Reşadiye,GPE,-0.10000000,0.10000000,en,1.00000000,4804860-4,7911036,A,40.43284000,37.37652000,EUROPE-AFRICA,Turkey,MED
Sandoz META Region,Sandoz META Region,GPE,0.20000000,0.27500000,en,1.00000000,,0,,,,,,
jamra fall,jamra fall,GPE,0.00000000,0.00000000,en,1.00000000,,0,,,,,,
Hong Kong,Hong Kong,GPE,-0.05000000,0.05000000,en,1.00000000,1318138531,1819729,P,22.27832000,114.17469000,ASIA,Hong Kong,EAS
Svalbard,Svalbard,GPE,0.00000000,0.50000000,en,1.00000000,4118926-7,2729907,P,78.22334000,15.64689000,ARCTIC,Svalbard and Jan Mayen,ARO
the Line of Fire,the Line of Fire,LOC,0.00000000,0.00000000,en,1.00000000,,7151422,S,40.13642000,-82.99623000,NORTH-AMERICA,United States,ENA
North America,North America,LOC,0.00000000,0.00000000,en,1.00000000,,0,,,,,,
Fatsa,Fatsa,GPE,0.80000000,0.75000000,en,1.00000000,4219759-4,747155,P,41.02886000,37.49977000,EUROPE-AFRICA,Türkiye,MED
İslamdağ District,İslamdağ District,LOC,0.80000000,0.75000000,en,1.00000000,,0,,,,,,
the Pamukkale Fault Zone,the Pamukkale Fault Zone,LOC,0.00000000,0.00000000,en,1.00000000,,0,,,,,,
Samandağ,Samandağ,GPE,0.00000000,0.00000000,en,1.00000000,,301975,P,36.08012000,35.97603000,EUROPE-AFRICA,Turkey,MED
the Aegean Region,the Aegean Region,LOC,0.50000000,0.50000000,en,1.00000000,,12035657,L,37.83305000,29.10410000,EUROPE-AFRICA,Turkey,MED
İlhan Depe,İlhan Depe,GPE,0.00000000,0.00000000,en,1.00000000,,0,,,,,,
Svalbard Islands,Svalbard Islands,LOC,0.12500000,0.38125000,en,1.00000000,,607102,T,80.72857000,20.50323000,ARCTIC,Svalbard and Jan Mayen,ARO
the Altai Mountains,the Altai Mountains,LOC,-0.07187500,0.65000000,en,1.00000000,,0,,,,,,
Pasinler,Pasinler,GPE,0.00000000,0.00000000,en,1.00000000,4804985-2,8631382,A,39.97735000,41.67848000,ASIA,Turkey,WCA
Karayazı district,Karayazı district,LOC,-0.16250000,0.43750000,en,1.00000000,,0,,,,,,
Toroslar,Toroslar,GPE,0.50000000,0.50000000,en,1.00000000,,313457,T,38.34278000,38.77889000,EUROPE-AFRICA,Turkey,MED
Sultanahmet,Sultanahmet,GPE,0.00000000,0.00000000,en,1.00000000,7586095-8,6944973,P,41.00397000,28.97884000,EUROPE-AFRICA,Turkey,MED
Jerusalem,Jerusalem,GPE,-0.05000000,0.40000000,en,1.00000000,4028586-8,281184,P,31.76904000,35.21633000,EUROPE-AFRICA,Israel,MED
Strait,Strait,LOC,0.00000000,0.00000000,en,1.00000000,,0,,,,,,
east,east,LOC,0.00000000,0.00000000,en,1.00000000,,12212303,L,37.02332000,-77.36954000,NORTH-AMERICA,United States,ENA
new rainy,new rainy,GPE,0.22878788,0.61818182,en,1.00000000,,6116104,H,48.21657000,-55.06489000,NORTH-AMERICA,Canada,ENA
the Southern Ocean,the Southern Ocean,LOC,-0.10000000,0.00000000,en,1.00000000,,5378771,P,33.19587000,-117.37948000,CENTRAL-AMERICA,United States,NCA
Antarctic,Antarctic,LOC,-0.10000000,0.00000000,en,1.00000000,,6632710,L,-90.00000000,0.00000000,POLAR,Antarctica,EAN
Beit Semesh,Beit Semesh,GPE,0.50000000,0.50000000,en,1.00000000,,0,,,,,,
TURKEY,TURKEY,GPE,0.20000000,0.27500000,en,1.00000000,4061163-2,298795,A,39.00000000,35.00000000,EUROPE-AFRICA,Turkey,MED
Tokat Erbaa,Tokat Erbaa,LOC,0.00000000,0.00000000,en,1.00000000,,747489,P,40.66889000,36.56750000,EUROPE-AFRICA,Turkey,MED
Antep,Antep,GPE,0.02777778,0.16666667,en,1.00000000,4086680-4,12344566,L,49.23672000,50.19436000,EUROPE,Kazakhstan,EEU
Northern Aegean Sea,Northern Aegean Sea,LOC,0.02500000,0.30000000,en,1.00000000,,0,,,,,,
Munich,Munich,GPE,-0.20000000,0.50000000,en,1.00000000,4245720-8,2867714,P,48.13743000,11.57549000,EUROPE,Germany,WCE
Korgan,Korgan,GPE,-0.60000000,1.00000000,en,1.00000000,,856954,P,49.58828000,49.78459000,EUROPE,Kazakhstan,EEU
Denmark,Denmark,GPE,-0.13333333,0.63333333,en,1.00000000,4010877-6,2623032,A,56.00000000,10.00000000,EUROPE,Denmark,NEU
the Western Mediterranean,the Western Mediterranean,LOC,-0.10000000,0.25000000,en,1.00000000,,3007868,L,44.25000000,-1.00000000,EUROPE-AFRICA,France,MED
the Konya Plain,the Konya Plain,LOC,0.00000000,0.50595238,en,1.00000000,,0,,,,,,
Connecticut,Connecticut,GPE,0.29090909,0.56969697,en,1.00000000,4010487-4,4831725,A,41.66704000,-72.66648000,NORTH-AMERICA,United States,ENA
Delaware,Delaware,GPE,0.29090909,0.56969697,en,1.00000000,4085407-3,4142224,A,39.00039000,-75.49992000,NORTH-AMERICA,United States,ENA
Maryland,Maryland,GPE,0.29090909,0.56969697,en,1.00000000,4037776-3,4361885,A,39.00039000,-76.74997000,NORTH-AMERICA,United States,ENA
Pennsylvania,Pennsylvania,GPE,0.29090909,0.56969697,en,1.00000000,4045103-3,12217723,L,40.64575000,-79.91382000,NORTH-AMERICA,United States,ENA
Mudanya,Mudanya,GPE,0.43333333,0.73333333,en,1.00000000,4140283-2,7732334,A,40.33342000,28.77218000,EUROPE-AFRICA,Turkey,MED
Karacabey,Karacabey,GPE,0.43333333,0.73333333,en,1.00000000,1250365945,8632537,A,40.22288000,28.36656000,EUROPE-AFRICA,Turkey,MED
Miryang,Miryang,GPE,0.00000000,0.00000000,en,1.00000000,1115656376,1841149,P,35.49333000,128.74889000,ASIA,South Korea,EAS
South Korea,South Korea,GPE,0.00000000,0.00000000,en,1.00000000,4078029-6,1835841,A,36.50000000,127.75000000,ASIA,South Korea,EAS
Gençlerbirliği,Gençlerbirliği,GPE,0.00000000,0.00000000,en,1.00000000,,0,,,,,,
the Gulf of Iskenderun,the Gulf of Iskenderun,LOC,-0.40000000,0.60000000,en,1.00000000,,0,,,,,,
Sea,Sea,LOC,0.87500000,0.50000000,en,1.00000000,,10922499,L,41.25206000,36.96073000,EUROPE-AFRICA,Turkey,MED
Şuhut,Şuhut,GPE,0.30000000,0.43333333,en,1.00000000,,8632469,A,38.54081000,30.55474000,EUROPE-AFRICA,Turkey,MED
Baghdad,Baghdad,GPE,0.10000000,0.80000000,en,1.00000000,4004237-6,98182,P,33.34058000,44.40088000,ASIA,Iraq,WCA
Central America,Central America,LOC,-0.04642857,0.39464286,en,1.00000000,,0,,,,,,
Kızıltepe,Kızıltepe,GPE,-0.17777778,0.40555556,en,1.00000000,4620358-8,307084,P,37.18836000,40.57723000,ASIA,Turkey,WCA
Artuklu,Artuklu,GPE,-0.17777778,0.40555556,en,1.00000000,4100494-2,304797,P,37.31309000,40.74357000,ASIA,Turkey,WCA
the Yucatán Peninsula,the Yucatán Peninsula,LOC,-0.04642857,0.39464286,en,1.00000000,,0,,,,,,
Underground,Underground,LOC,0.13636364,0.45454545,en,1.00000000,,12022670,L,57.16836000,24.69566000,EUROPE,Latvia,WCE
Gamo,Gamo,LOC,0.00000000,0.00000000,en,1.00000000,4086665-8,9159975,A,6.25000000,37.00000000,AFRICA,Ethiopia,NEAF
Uluabat Lake,Uluabat Lake,LOC,0.00000000,0.10000000,en,1.00000000,,738445,H,40.15639000,28.61139000,EUROPE-AFRICA,Turkey,MED
Kümbetli Village,Kümbetli Village,GPE,0.00000000,0.00000000,en,1.00000000,,0,,,,,,
Kayseri,Kayseri,GPE,-0.12500000,0.37500000,en,1.00000000,4136229-9,308464,P,38.73222000,35.48528000,EUROPE-AFRICA,Turkey,MED
Jakarta,Jakarta,GPE,-0.10833333,0.29166667,en,1.00000000,64162-5,1642911,P,-6.21462000,106.84513000,ASIA,Indonesia,SEA
the Bilbilan Plateau,the Bilbilan Plateau,LOC,0.09166667,0.55833333,en,1.00000000,,0,,,,,,
Sarız,Sarız,GPE,-0.12500000,0.37500000,en,1.00000000,1375632159,8631774,A,38.48015000,36.51488000,EUROPE-AFRICA,Turkey,MED
Zara district,Zara district,GPE,-0.15000000,0.41666667,en,1.00000000,4076912-4,2842647,P,49.23262000,7.00982000,EUROPE,Germany,WCE
Kızılırmak,Kızılırmak,GPE,-0.15000000,0.41666667,en,1.00000000,4570734-0,742986,H,41.73347000,35.95732000,EUROPE-AFRICA,Turkey,MED
The Red River,The Red River,LOC,0.00000000,0.00000000,en,1.00000000,,4721949,A,33.62068000,-95.05036000,NORTH-AMERICA,United States,CNA
Malatya City Cemetery,Malatya City Cemetery,GPE,0.00000000,0.00000000,en,1.00000000,,0,,,,,,
Sivas Zara,Sivas Zara,GPE,0.00000000,0.00000000,en,1.00000000,,7732990,A,39.82406000,37.77499000,EUROPE-AFRICA,Turkey,MED
longest river,longest river,LOC,0.00000000,0.00000000,en,1.00000000,,0,,,,,,
Central Turkey',Central Turkey',GPE,0.00000000,0.12500000,en,1.00000000,,10922504,L,39.17175000,33.52346000,EUROPE-AFRICA,Turkey,MED
The United States,The United States,GPE,-0.12500000,0.37500000,en,1.00000000,,0,,,,,,
the Simav Fault Zone,the Simav Fault Zone,GPE,-0.06666667,0.80000000,en,1.00000000,,0,,,,,,
ICC,ICC,GPE,0.00000000,0.00000000,en,1.00000000,,3645488,T,10.77723000,-63.93120000,SOUTH-AMERICA,Venezuela,NSA
Biennale,Biennale,GPE,0.00000000,0.00000000,en,1.00000000,,7910755,L,45.42953000,12.35645000,EUROPE,Italy,WCE
Venice Biennale,Venice Biennale,GPE,0.00000000,0.00000000,en,1.00000000,,7910755,L,45.42953000,12.35645000,EUROPE,Italy,WCE
Pattaya,Pattaya,GPE,0.00000000,0.00000000,en,1.00000000,4247208-8,1614295,P,12.93333000,100.88333000,ASIA,Thailand,SEA
Sason district,Sason district,LOC,0.00000000,0.00000000,en,1.00000000,,1257073,P,21.54780000,84.03912000,ASIA,India,SAS
Datça district,Datça district,LOC,0.47500000,0.65000000,en,1.00000000,,0,,,,,,
the Aegean Sea,the Aegean Sea,LOC,0.00000000,0.00000000,en,1.00000000,,10295462,S,37.79189000,26.70433000,EUROPE-AFRICA,Greece,MED
Alagöz,Alagöz,LOC,-0.11250000,0.23750000,en,1.00000000,7735187-3,616943,T,40.52284000,44.19534000,ASIA,Armenia,WCA
Lithuania,Lithuania,GPE,0.00000000,0.00000000,en,1.00000000,4074266-0,597427,A,55.41667000,24.00000000,EUROPE,Lithuania,WCE
Hungary,Hungary,GPE,0.00000000,0.00000000,en,1.00000000,4078541-5,719819,A,47.00000000,20.00000000,EUROPE,Hungary,WCE
Kirazyani Plateau,Kirazyani Plateau,LOC,0.17833333,0.51333333,en,1.00000000,,0,,,,,,
Toroslar Mevkii,Toroslar Mevkii,GPE,-0.08333333,0.30000000,en,1.00000000,,0,,,,,,
Uludağ,Uludağ,GPE,0.00000000,0.00000000,en,1.00000000,4691638-6,438826,T,37.54861000,42.70361000,ASIA,Turkey,WCA
Haryana,Haryana,GPE,-0.22083333,0.33750000,en,1.00000000,4239291-3,1270260,A,29.25000000,76.33333000,ASIA,India,SAS
Patnos,Patnos,GPE,0.00000000,0.00000000,en,1.00000000,,302819,P,39.22493000,42.85693000,ASIA,Turkey,WCA
the Northwest parts,the Northwest parts,LOC,0.00000000,0.00000000,en,1.00000000,,0,,,,,,
Reşadiye district,Reşadiye district,LOC,-0.12500000,0.37500000,en,1.00000000,,7911036,A,40.43284000,37.37652000,EUROPE-AFRICA,Turkey,MED
Şemdinli,Şemdinli,GPE,-0.14166667,0.32500000,en,1.00000000,7679542-1,301209,P,37.30514000,44.57420000,ASIA,Turkey,WCA
Isparta Eğirdir Lake,Isparta Eğirdir Lake,GPE,0.18750000,0.43750000,en,1.00000000,,315904,H,38.04417000,30.89417000,EUROPE-AFRICA,Turkey,MED
Lake Eğirdir,Lake Eğirdir,GPE,-1.00000000,1.00000000,en,1.00000000,,315904,H,38.04417000,30.89417000,EUROPE-AFRICA,Turkey,MED
Günyamaç District,Günyamaç District,LOC,-0.10625000,0.31875000,en,1.00000000,,0,,,,,,
the Alpine-Himalayan earthquake zone,the Alpine-Himalayan earthquake zone,LOC,0.15476190,0.44285714,en,1.00000000,,0,,,,,,
Hendek district,Hendek district,LOC,0.60000000,0.80000000,en,1.00000000,,312216,P,38.15624000,39.62700000,EUROPE-AFRICA,Turkey,MED
Çiğdem Plateau,Çiğdem Plateau,LOC,0.60000000,0.80000000,en,1.00000000,,0,,,,,,
Selçuklu district,Selçuklu district,LOC,-0.12500000,0.37500000,en,1.00000000,,146087,P,35.15661000,32.61958000,EUROPE-AFRICA,Cyprus,MED
Tel Aviv,Tel Aviv,GPE,0.50000000,0.50000000,en,1.00000000,4119545-0,293397,P,32.08088000,34.78057000,EUROPE-AFRICA,Israel,MED
New Türkiye's,New Türkiye's,GPE,0.13636364,0.45454545,en,1.00000000,,4844543,T,41.26593000,-72.60176000,NORTH-AMERICA,United States,ENA
Bilginler Apartment,Bilginler Apartment,GPE,0.00000000,0.00000000,en,1.00000000,,0,,,,,,
Bamako,Bamako,GPE,-0.03125000,0.28125000,en,1.00000000,4086612-9,2460596,P,12.60915000,-7.97522000,AFRICA,Mali,WAF
Yeniköy,Yeniköy,GPE,0.00000000,1.00000000,en,1.00000000,,297031,P,37.80371000,28.87401000,EUROPE-AFRICA,Turkey,MED
the Autonomous Republic of Buryutia,the Autonomous Republic of Buryutia,GPE,0.13750000,0.53750000,en,1.00000000,,0,,,,,,
Silopi district,Silopi district,LOC,-0.16250000,0.43750000,en,1.00000000,,0,,,,,,
the Crete Island,the Crete Island,LOC,0.00000000,0.80000000,en,1.00000000,,9294621,S,35.33431000,25.31771000,EUROPE-AFRICA,Greece,MED
Çorlu,Çorlu,GPE,0.07314815,0.38796296,en,1.00000000,1164778536,748893,P,41.16069000,27.80093000,EUROPE-AFRICA,Turkey,MED
Sofia,Sofia,GPE,-0.12500000,0.37500000,en,1.00000000,4077502-1,727011,P,42.69751000,23.32415000,EUROPE-AFRICA,Bulgaria,MED
Isparta Lake Eğirdir,Isparta Lake Eğirdir,LOC,0.18750000,0.43750000,en,1.00000000,,315904,H,38.04417000,30.89417000,EUROPE-AFRICA,Turkey,MED
Çıldır district,Çıldır district,LOC,0.00000000,0.00000000,en,1.00000000,,0,,,,,,
Türkiye:,Türkiye:,GPE,0.10000000,0.46666667,en,1.00000000,4061163-2,298795,A,39.00000000,35.00000000,EUROPE-AFRICA,Turkey,MED
Çiftçi,Çiftçi,GPE,0.00000000,0.00000000,en,1.00000000,,0,,,,,,
Yumaklı,Yumaklı,GPE,0.00000000,0.00000000,en,1.00000000,,737204,P,40.17991000,30.42854000,EUROPE-AFRICA,Turkey,MED
BULGARIA,BULGARIA,GPE,0.04583333,0.23333333,en,1.00000000,4008866-2,732800,A,42.66667000,25.25000000,EUROPE-AFRICA,Bulgaria,MED
Ontario,Ontario,GPE,0.13750000,0.63750000,en,1.00000000,4122012-2,6094817,P,45.41117000,-75.69812000,NORTH-AMERICA,Canada,ENA
the Yuvacık Dam,the Yuvacık Dam,LOC,0.00000000,0.00000000,en,1.00000000,,0,,,,,,
Yuvacık Dam,Yuvacık Dam,LOC,0.50000000,0.50000000,en,1.00000000,,0,,,,,,
Antakya,Antakya,GPE,0.26818182,0.47727273,en,1.00000000,4085823-6,323779,P,36.20655000,36.15722000,EUROPE-AFRICA,Turkey,MED
the North Aegean Sea,the North Aegean Sea,LOC,0.00000000,0.00000000,en,1.00000000,,10295462,S,37.79189000,26.70433000,EUROPE-AFRICA,Greece,MED
Bulanık,Bulanık,GPE,0.00000000,0.00000000,en,1.00000000,1374338362,320448,P,39.08656000,42.27158000,ASIA,Turkey,WCA
Bebek Beach,Bebek Beach,GPE,0.26250000,0.46250000,en,1.00000000,,0,,,,,,
İnegöl,İnegöl,GPE,-0.07500000,0.15833333,en,1.00000000,7586059-4,745169,P,40.07806000,29.51333000,EUROPE-AFRICA,Turkey,MED
İsaören,İsaören,GPE,-0.05000000,0.05000000,en,1.00000000,,745127,P,40.03742000,29.50691000,EUROPE-AFRICA,Turkey,MED
Yunusemre,Yunusemre,GPE,-0.17500000,0.29166667,en,1.00000000,,9548477,A,38.62063000,27.40806000,EUROPE-AFRICA,Turkey,MED
Erdemli,Erdemli,GPE,-0.12500000,0.37500000,en,1.00000000,4236614-8,8143004,P,40.93599000,31.12505000,EUROPE-AFRICA,Turkey,MED
Şarlak Waterfall,Şarlak Waterfall,LOC,0.00000000,0.00000000,en,1.00000000,,0,,,,,,
Marmara Lake,Marmara Lake,GPE,-0.06287879,0.47651515,en,1.00000000,,304784,H,38.62574000,28.01279000,EUROPE-AFRICA,Turkey,MED
Manisa Marmara Lake,Manisa Marmara Lake,GPE,0.00000000,0.00000000,en,1.00000000,,304784,H,38.62574000,28.01279000,EUROPE-AFRICA,Turkey,MED
Antlya,Antlya,LOC,0.00000000,0.00000000,en,1.00000000,,0,,,,,,
Petrolul Ploiesti,Petrolul Ploiesti,GPE,0.40000000,0.50000000,en,1.00000000,,0,,,,,,
Refahiye,Refahiye,GPE,0.36666667,0.56666667,en,1.00000000,7857744-5,8631609,A,39.90132000,38.76745000,EUROPE-AFRICA,Turkey,MED
Güzelyurt district,Güzelyurt district,LOC,-0.05000000,0.05000000,en,1.00000000,,146286,P,35.19869000,32.99338000,EUROPE-AFRICA,Cyprus,MED
Gülnar,Gülnar,GPE,-0.12500000,0.37500000,en,1.00000000,,8632144,A,36.35290000,33.40308000,EUROPE-AFRICA,Turkey,MED
Keban Dam Lake,Keban Dam Lake,LOC,0.10625000,0.71875000,en,1.00000000,,0,,,,,,
the Northern Anatolian Fault,the Northern Anatolian Fault,LOC,-0.15714286,0.55904762,en,1.00000000,,0,,,,,,
the Yedisu Fault,the Yedisu Fault,LOC,0.00000000,1.00000000,en,1.00000000,,0,,,,,,
the North Anatolian Fault,the North Anatolian Fault,LOC,-0.19642857,0.68214286,en,1.00000000,,0,,,,,,
Sincan district,Sincan district,LOC,0.00000000,0.00000000,en,1.00000000,,1280828,A,39.73086000,75.14384000,ASIA,China,ECA
the Zap River,the Zap River,LOC,0.00000000,1.00000000,en,1.00000000,,0,,,,,,
Brussels,Brussels,GPE,0.00000000,0.00000000,en,1.00000000,4008460-7,2800866,P,50.85045000,4.34878000,EUROPE,Belgium,WCE
the Northern Marmara Highway,the Northern Marmara Highway,LOC,-0.20000000,0.50000000,en,1.00000000,,0,,,,,,
Karatepe,Karatepe,GPE,-0.16250000,0.43750000,en,1.00000000,,744060,P,40.34443000,33.39572000,EUROPE-AFRICA,Turkey,MED
Kızyusuflu,Kızyusuflu,GPE,-0.16250000,0.43750000,en,1.00000000,,307029,P,37.33333000,36.20000000,EUROPE-AFRICA,Turkey,MED
Demirci district,Demirci district,LOC,0.00000000,0.00000000,en,1.00000000,,748467,P,40.33450000,33.21867000,EUROPE-AFRICA,Turkey,MED
Nazilli district,Nazilli district,LOC,-0.50000000,0.50000000,en,1.00000000,,0,,,,,,
Eastern Anatolia Region,Eastern Anatolia Region,LOC,0.00000000,0.12500000,en,1.00000000,,10922505,L,39.42657000,41.23464000,ASIA,Turkey,WCA
South,South,LOC,0.00000000,0.00000000,en,1.00000000,,11887752,L,33.45876000,-90.15081000,NORTH-AMERICA,United States,CNA
Düziçi,Düziçi,GPE,-0.16250000,0.43750000,en,1.00000000,,8631467,A,37.25062000,36.47051000,EUROPE-AFRICA,Turkey,MED
Coast,Coast,LOC,0.00000000,0.00000000,en,1.00000000,,12212303,L,37.02332000,-77.36954000,NORTH-AMERICA,United States,ENA
Mada,Mada,GPE,0.40000000,0.60000000,en,1.00000000,,10925331,L,34.71798000,-5.49053000,EUROPE-AFRICA,Morocco,MED
Tatvan,Tatvan,GPE,0.00000000,0.00000000,en,1.00000000,1082507830,299582,P,38.49221000,42.28269000,ASIA,Turkey,WCA
Sümbül Mountain,Sümbül Mountain,LOC,0.00000000,1.00000000,en,1.00000000,,300134,T,37.53349000,43.80516000,ASIA,Turkey,WCA
Bozyazı,Bozyazı,GPE,-0.12500000,0.37500000,en,1.00000000,7596012-6,320552,P,36.10820000,32.96113000,EUROPE-AFRICA,Turkey,MED
the Gediz River,the Gediz River,LOC,-0.17500000,0.29166667,en,1.00000000,,0,,,,,,
Fatih District,Fatih District,LOC,-0.20000000,0.50000000,en,1.00000000,,1434879,P,33.46001000,69.14008000,ASIA,Afghanistan,WCA
Tsunami,Tsunami,GPE,0.00000000,0.00000000,en,1.00000000,,10526301,L,40.50488000,17.53334000,EUROPE-AFRICA,Italy,MED
Elraglusib,Elraglusib,GPE,0.29166667,0.62500000,en,1.00000000,,0,,,,,,
M6.2–6.4,M6.2–6.4,LOC,0.16666667,0.83333333,en,1.00000000,,0,,,,,,
Sis Mountain Plateau,Sis Mountain Plateau,LOC,0.00000000,0.00000000,en,1.00000000,,0,,,,,,
Mongolia,Mongolia,GPE,0.00000000,0.42500000,en,1.00000000,4040056-6,2029969,A,46.00000000,105.00000000,ASIA,Mongolia,ESB
Oslo,Oslo,GPE,0.00000000,0.00000000,en,1.00000000,1013733-6,3143244,P,59.91273000,10.74609000,EUROPE,Norway,NEU
Kocaköy,Kocaköy,GPE,-0.20000000,0.25000000,en,1.00000000,,8630833,A,38.28801000,40.49845000,ASIA,Turkey,WCA
Ula district,Ula district,GPE,-0.05000000,0.11666667,en,1.00000000,4000477-6,415189,P,12.77957000,45.03852000,ASIA,Yemen,ARP
MYK,MYK,LOC,0.00000000,0.00000000,en,1.00000000,,1532234,T,49.24444000,67.14889000,ASIA,Kazakhstan,WSB
Saudi Arabia's,Saudi Arabia's,GPE,0.00000000,0.00000000,en,1.00000000,,110336,P,26.43442000,50.10326000,ASIA,Saudi Arabia,ARP
Beytüşşebap,Beytüşşebap,GPE,-0.14166667,0.32500000,en,1.00000000,,438958,A,37.57144000,43.16515000,ASIA,Turkey,WCA
Şirvan,Şirvan,GPE,-0.20000000,0.50000000,en,1.00000000,4737627-2,148565,P,39.93778000,48.92900000,ASIA,Azerbaijan,WCA
Hayrat,Hayrat,GPE,0.06250000,0.50000000,en,1.00000000,,8631457,A,40.89137000,40.36760000,ASIA,Turkey,WCA
Boğazlıyan,Boğazlıyan,GPE,0.00000000,0.00000000,en,1.00000000,,8631769,A,39.19627000,35.25420000,EUROPE-AFRICA,Turkey,MED
Cordoba,Cordoba,GPE,0.00000000,0.00000000,en,1.00000000,4213162-5,3860259,P,-31.40648000,-64.18853000,SOUTH-AMERICA,Argentina,SES
Iskenderun district,Iskenderun district,LOC,0.43333333,0.73333333,en,1.00000000,,0,,,,,,
Çaldıran,Çaldıran,LOC,-0.14166667,0.32500000,en,1.00000000,,8630842,A,39.15053000,43.91415000,ASIA,Turkey,WCA
Western Anatolia,Western Anatolia,LOC,-0.01250000,0.25625000,en,1.00000000,,10922504,L,39.17175000,33.52346000,EUROPE-AFRICA,Turkey,MED
Senem,Senem,GPE,0.00000000,0.00000000,en,1.00000000,,2497061,L,34.57932000,5.44176000,EUROPE-AFRICA,Algeria,MED
Ovalle,Ovalle,GPE,0.00000000,0.00000000,en,1.00000000,1160044953,3877918,P,-30.60106000,-71.19901000,SOUTH-AMERICA,Chile,SWS
Sahara,Sahara,LOC,-0.16250000,0.43750000,en,1.00000000,,0,,,,,,
Sicily Island,Sicily Island,LOC,0.10000000,0.60000000,en,1.00000000,,2523118,T,37.62304000,13.93457000,EUROPE-AFRICA,Italy,MED
Akşehir,Akşehir,GPE,0.19000000,0.62666667,en,1.00000000,4264817-8,324489,H,38.51139000,31.42806000,EUROPE-AFRICA,Turkey,MED
Akşehir Lake,Akşehir Lake,GPE,0.19000000,0.62666667,en,1.00000000,,324489,H,38.51139000,31.42806000,EUROPE-AFRICA,Turkey,MED
the Karagöl Plateau,the Karagöl Plateau,LOC,0.15000000,0.57500000,en,1.00000000,,0,,,,,,
Nova Lake,Nova Lake,LOC,0.25000000,0.50000000,en,1.00000000,,5094864,H,43.61445000,-71.34397000,NORTH-AMERICA,United States,ENA
Southern Cyprus,Southern Cyprus,LOC,0.00000000,0.00000000,en,1.00000000,4027652-1,261745,P,35.32787000,25.14341000,EUROPE-AFRICA,Greece,MED
