week,sentiment_mean,sentiment_std,subjectivity_mean,subjectivity_std,counting
2025-46,-0.30683848505000316,1.0,1.3206126614936613,1.0,1.0
2025-47,-0.07207535655468741,0.3301364033950653,-0.6702938605339442,0.8824146050497222,3.0
2025-48,0.34425157574420195,0.5773611309989761,0.29759878076181623,0.6471395276489137,8.0
2025-49,-0.4200439647091097,1.0291610453501148,0.3544572387009764,0.724966816538806,8.0
2025-50,0.152861903141062,0.6929621534418904,-0.36786918315069767,0.6566587092132397,6.0
2025-51,-0.09675090955408877,0.8021144761664951,-0.15792476375400946,0.8680475863749527,11.0
2025-52,-0.09125329872146395,1.4144660779174099,0.05281598667734952,1.3592597940516087,11.0
2026-01,0.1069098173272544,0.8764788667114112,0.10517488472749319,0.8548710179911896,8.0
